年份,代码,院校名称,"专业
编号",专业/类,选科,最高分,最低分,"最低分
平均排位",专业组,学院部,平均分,"录取
人数",备注
2023,10002,中国人民大学,1,外国语言文学类,历,,651,185.0,1,,,4.0,日语、俄语、德语、法语、西班牙语
2023,10002,中国人民大学,2,中国共产党历史,历+政,,664,63.0,102,,,1.0,优秀本科生直博项目
2023,10002,中国人民大学,3,马克思主义理论,历+政,,659,94.0,102,,,1.0,优秀本科生直博项目
2023,10002,中国人民大学,17,法学,历,,666,51.0,201,,,5.0,与“法学-新闻学”“工商管理-法学”、涉外法治双学士学位
2023,10002,中国人民大学,12,经济学类,历,,660,85.0,201,,,6.0,经济学、国民经济管理、能源经济、国际经济与贸易、数字经济
2023,10002,中国人民大学,15,金融学类,历,,659,94.0,201,,,6.0,金融学、金融工程、保险学、信用管理
2023,10002,中国人民大学,16,财政学类,历,,658,105.0,201,,,4.0,财政学、税收学
2023,10002,中国人民大学,10,人文科学试验班,历,,658,105.0,201,,,7.0,哲学、宗教学、伦理学、汉语言文学、汉语言、历史学、世界史、考古学、艺术管理
2023,10002,中国人民大学,18,社会学类,历,,657,114.0,201,,,3.0,社会学、社会工作
2023,10002,中国人民大学,14,工商管理类,历,,656,120.0,201,,,9.0,工商管理、财务管理、会计学、市场营销、管理科学(商业数据分析)、贸易经济
2023,10002,中国人民大学,19,人力资源管理(经管试验班),历,,655,130.0,201,,,3.0,与加拿大蒙特利尔大学等国际交流项目
2023,10002,中国人民大学,13,新闻传播学类,历,,654,142.0,201,,,5.0,新闻学、广播电视学、广告学、传播学、国际新闻与传播
2023,10002,中国人民大学,11,社会科学试验班(管理学科类),历,,653,156.0,201,,,5.0,资源与环境经济学、农林经济管理、农村区域发展、行政管理、城市管理、土地资源管理、信息资源管理、档案学
2023,18213,哈尔滨工业大学(深圳),3,经济管理试验班,历,631.0,618,1520.0,201,,,18.0,经济学、会计学(大数据会计)
2023,18213,哈尔滨工业大学(深圳),4,建筑类(智慧人居)(5年),历,639.0,617,1596.0,201,,,8.0,建筑学、城乡规划
2023,10007,北京理工大学,16,社会科学试验班(精品文科班),历,,613,1928.0,201,,,12.0,经济学、社会工作、法学、法学(含AI双学位)
2023,10487,华中科技大学,10,外国语言文学类,历,,613,1928.0,201,,,2.0,英语(国商双学位)、翻译、日语、德语、法语
2023,10487,华中科技大学,9,法学,历,,620,1367.0,202,,,3.0,
2023,10487,华中科技大学,5,建筑类(智慧建筑规划试验班)(5年),历,,617,1596.0,202,,,3.0,建筑学、城乡规划、风景园林
2023,10487,华中科技大学,8,新闻传播学类,历,,616,1667.0,202,,,4.0,新闻学、广播电视学、广告学
2023,10487,华中科技大学,6,工商管理类,历,,614,1833.0,202,,,8.0,财务管理、会计学(数智会计)、财政学(税务)、工商管理(数智化人力资源)、市场营销(数智化营销)
2023,10487,华中科技大学,7,国际商务,历,,613,1928.0,202,,,7.0,
2023,10487,华中科技大学,11,公共管理类,历,,613,1928.0,202,,,5.0,公共事业管理、行政管理、公共事业管理(卫生事业管理)
2023,10027,北京师范大学,15,汉语言文学,历,655.0,651,185.0,201,,,3.0,
2023,10027,北京师范大学,12,哲学,历,649.0,646,288.0,201,,,2.0,
2023,10027,北京师范大学,17,教育学类,历,650.0,644,346.0,201,,,3.0,教育学、学前教育、特殊教育、教育技术学
2023,10027,北京师范大学,14,社会学,历,645.0,644,346.0,201,,,2.0,
2023,10027,北京师范大学,18,历史学类,历,650.0,644,346.0,201,,,3.0,历史学、考古学
2023,10027,北京师范大学,13,法学(卓越实验班),历,644.0,642,395.0,201,,,4.0,
2023,10286,东南大学,24,文科试验班类,历,640.0,618,1520.0,201,,,6.0,社会学、汉语言文学、旅游管理、哲学、国际经济与贸易、金融学、经济学、金融工程、法学、艺术史论
2023,10286,东南大学,25,英语,历,618.0,617,1596.0,201,,,2.0,
2023,19002,中国人民大学(苏州校区),1,法语(中外合作办学),历,,616,1667.0,102,,,2.0,中外合作
2023,19002,中国人民大学(苏州校区),3,传播学(中外合作办学)(国际新闻传播),历,,622,1231.0,203,,,2.0,中外合作
2023,19002,中国人民大学(苏州校区),2,金融学(中外合作办学),历,,622,1231.0,203,,,3.0,中外合作
2023,10486,武汉大学,1,马克思主义理论,历+政,651.0,639,511.0,102,,,4.0,马克思主义理论、思想政治教育、中国共产党历史
2023,10486,武汉大学,65,法学,历,654.0,649,238.0,201,,,11.0,法学、国际法
2023,10486,武汉大学,69,文科试验班类(弘毅学堂PLE试验班),历,651.0,649,238.0,201,,,2.0,哲学、经济学、法学
2023,10486,武汉大学,66,人文科学试验班(弘毅学堂),历,648.0,647,271.0,201,,,3.0,汉语言文学、历史学、哲学类(含哲学、国学)
2023,10486,武汉大学,68,文科试验班类(弘毅学堂PPE试验班),历,647.0,647,271.0,201,,,3.0,政治学、经济学、哲学
2023,10486,武汉大学,57,中国语言文学类,历,655.0,646,303.0,201,,,2.0,汉语言文学、汉语国际教育
2023,10486,武汉大学,60,经济学类,历,649.0,646,303.0,201,,,8.0,经济学、金融工程、国际经济与贸易、财政学、金融学(含国际金融试验班)、保险学(含精算试验班)
2023,10486,武汉大学,58,历史学类,历,646.0,645,333.0,201,,,2.0,历史学、世界史、考古学
2023,10486,武汉大学,62,社会学(知行试验班),历,645.0,645,333.0,201,,,2.0,
2023,10486,武汉大学,63,哲学类,历,645.0,644,358.0,201,,,2.0,哲学、宗教学
2023,10486,武汉大学,61,公共管理类,历,645.0,643,376.0,201,,,4.0,行政管理、公共事业管理、劳动与社会保障
2023,10486,武汉大学,64,新闻传播学类,历,646.0,643,376.0,201,,,8.0,新闻学、广播电视学、广告学、传播学
2023,10486,武汉大学,59,外国语言文学类,历,643.0,642,412.0,201,,,4.0,英语、法语、德语、日语、西班牙语、俄语、翻译
2023,10269,华东师范大学,5,汉语言文学,历,644.0,644,346.0,201,,,2.0,
2023,10269,华东师范大学,6,汉语国际教育,历,642.0,642,395.0,201,,,1.0,
2023,10269,华东师范大学,15,法学,历,636.0,636,588.0,201,,,1.0,“法学-心理学”双学士学位
2023,10269,华东师范大学,14,法学,历,640.0,635,619.0,201,,,2.0,
2023,10269,华东师范大学,13,新闻传播学类,历,635.0,634,647.0,201,,,2.0,新闻学、编辑出版学
2023,10269,华东师范大学,9,法语,历,632.0,632,738.0,201,,,1.0,
2023,10269,华东师范大学,16,教育学类(师范),历,642.0,624,1114.0,201,,,2.0,普师
2023,10269,华东师范大学,7,英语,历,633.0,624,1114.0,201,,,2.0,
2023,10269,华东师范大学,11,工商管理类,历,628.0,623,1168.0,201,,,2.0,工商管理、会计学、旅游管理
2023,10269,华东师范大学,12,工商管理,历,624.0,623,1168.0,201,,,3.0,中法创新实验班
2023,10269,华东师范大学,10,金融学类,历,633.0,622,1231.0,201,,,2.0,金融学、经济学
2023,10269,华东师范大学,8,翻译,历,621.0,621,1299.0,201,,,1.0,
2023,10272,上海财经大学,16,金融学,历,646.0,646,288.0,201,,,2.0,
2023,10272,上海财经大学,14,会计学,历,640.0,640,463.0,201,,,1.0,
2023,10272,上海财经大学,15,财务管理,历,638.0,635,619.0,201,,,3.0,
2023,10272,上海财经大学,20,法学(法学和金融学双学士学位),历,641.0,632,738.0,201,,,3.0,
2023,10272,上海财经大学,17,金融学(中外合作办学),历,636.0,623,1168.0,201,,,3.0,中外合作
2023,10272,上海财经大学,18,工商管理类,历,628.0,623,1168.0,201,,,3.0,工商管理(商务分析)、工商管理(战略与创新创业)、人力资源管理、市场营销
2023,10272,上海财经大学,19,投资学,历,627.0,622,1231.0,201,,,4.0,
2023,10699,西北工业大学,4,经济与贸易类,历,602.0,599,3529.0,201,,,4.0,国际经济与贸易、法学、行政管理
2023,10699,西北工业大学,5,外国语言文学类,历,604.0,598,3680.0,201,,,4.0,英语、德语
2023,10558,中山大学,42,汉语言文学(广州),历,654.0,642,395.0,201,,,22.0,
2023,10558,中山大学,43,历史学(广州),历,642.0,638,528.0,201,,,19.0,
2023,10558,中山大学,53,汉语言文学(珠海),历,641.0,634,647.0,201,,,37.0,
2023,10558,中山大学,44,哲学类(广州),历,641.0,633,688.0,201,,,16.0,哲学、逻辑学
2023,10558,中山大学,54,历史学(珠海),历,637.0,629,871.0,201,,,39.0,
2023,10558,中山大学,55,哲学(珠海),历,637.0,627,966.0,201,,,34.0,
2023,10558,中山大学,49,法学,历,649.0,642,395.0,202,,,28.0,
2023,10558,中山大学,52,新闻传播学类,历,642.0,622,1231.0,202,,,28.0,新闻学、传播学
2023,10558,中山大学,45,社会学类,历,645.0,620,1367.0,202,,,38.0,社会学、人类学、考古学
2023,10558,中山大学,47,外国语言文学类(广州),历,641.0,619,1437.0,202,,,39.0,英语、德语、法语、日语
2023,10558,中山大学,48,外国语言文学类(珠海),历,640.0,616,1667.0,202,,,35.0,英语、阿拉伯语、西班牙语、朝鲜语、俄语
2023,10558,中山大学,46,经济学类(广州),历,649.0,645,319.0,218,,,10.0,经济学、金融学
2023,10558,中山大学,51,工商管理类(广州),历,645.0,630,826.0,218,,,51.0,工商管理、会计学
2023,10558,中山大学,56,经济学类(珠海),历,646.0,624,1114.0,218,,,55.0,经济学、金融学
2023,10558,中山大学,59,经济学(深圳),历,635.0,624,1114.0,218,,,42.0,
2023,10558,中山大学,60,工商管理(深圳),历,634.0,624,1114.0,218,,,20.0,
2023,10558,中山大学,58,旅游管理类,历,624.0,623,1168.0,218,,,13.0,旅游管理、会展经济与管理
2023,10558,中山大学,50,公共管理类,历+政,635.0,622,1231.0,219,,,30.0,行政管理、政治学与行政学
2023,10558,中山大学,57,国际政治,历+政,633.0,620,1367.0,219,,,24.0,
2023,10384,厦门大学,17,法学类,历,640.0,636,588.0,201,,,3.0,法学
2023,10384,厦门大学,16,外国语言文学类(外国语言文学+会计学/财务管理),历,634.0,634,647.0,201,,,2.0,英语、日语、法语、俄语、德语、西班牙语及辅修会计学或财务管理
2023,10384,厦门大学,14,新闻传播学类,历,634.0,634,647.0,201,,,2.0,新闻学、广播电视学、广告学、传播学、国际新闻与传播
2023,10384,厦门大学,13,人文科学试验班,历,635.0,633,688.0,201,,,4.0,汉语言文学、戏剧影视文学、汉语言、历史学、考古学、哲学
2023,10384,厦门大学,18,社会学类,历,633.0,633,688.0,201,,,2.0,社会工作、社会学、人类学
2023,10384,厦门大学,15,外国语言文学类,历,634.0,630,826.0,201,,,5.0,英语、日语、法语、俄语、德语、西班牙语
2023,10384,厦门大学,20,会计学,历,646.0,638,528.0,202,,,2.0,会计学、财务管理、审计学
2023,10384,厦门大学,19,经济学类,历,634.0,631,783.0,202,,,3.0,金融学、金融工程、财政学、税收学、国际经济与贸易、国际商务、经济学、经济统计学
2023,10384,厦门大学,21,工商管理类,历,630.0,630,826.0,202,,,1.0,人力资源管理、工商管理、市场营销(含数智营销)、旅游管理
2023,10384,厦门大学,24,会计学(厦门大学马来西亚分校招生专业),历,602.0,600,3333.0,211,,,2.0,
2023,10384,厦门大学,25,国际商务(厦门大学马来西亚分校招生专业),历,599.0,599,3464.0,211,,,1.0,
2023,10384,厦门大学,22,汉语言文学(厦门大学马来西亚分校招生专业),历,598.0,598,3605.0,211,,,2.0,
2023,10384,厦门大学,26,英语(厦门大学马来西亚分校招生专业),历,593.0,593,4351.0,211,,,1.0,
2023,10384,厦门大学,23,新闻学(厦门大学马来西亚分校招生专业),历,592.0,590,4859.0,211,,,2.0,
2023,10034,中央财经大学,3,财政学类,历,641.0,626,1016.0,202,,,4.0,财政学、税收学、资产评估、财政学(财政基础理论基地班)、税收学(全球税收治理菁英班)
2023,10034,中央财经大学,4,工商管理类(会计学院),历,630.0,622,1231.0,202,,,3.0,会计学、财务管理
2023,10034,中央财经大学,6,经济学类,历,642.0,620,1367.0,202,,,3.0,经济学、国民经济管理
2023,10034,中央财经大学,5,经济与贸易类,历,621.0,615,1748.0,202,,,2.0,国际经济与贸易、国际商务、贸易经济
2023,10034,中央财经大学,7,工商管理类(商学院),历,621.0,615,1748.0,202,,,2.0,工商管理、市场营销(大数据营销)、人力资源管理、供应链管理
2023,10034,中央财经大学,9,法学(卓越法治人才教育培养计划),历,624.0,615,1748.0,202,,,3.0,
2023,10034,中央财经大学,14,外国语言文学类(财经英语财经翻译),历,615.0,615,1748.0,202,,,2.0,英语(财经英语)、翻译(财经翻译)
2023,10034,中央财经大学,10,社会学类,历,614.0,614,1833.0,202,,,3.0,社会学(经济社会学)、社会工作(金融领域)
2023,19027,北京师范大学(珠海校区),1,汉语言文学(国家公费师范生),历,640.0,618,1520.0,101,,,36.0,公师
2023,19027,北京师范大学(珠海校区),2,英语(国家公费师范生),历,627.0,618,1520.0,101,,,7.0,公师
2023,19027,北京师范大学(珠海校区),3,历史学(国家公费师范生),历,649.0,618,1520.0,101,,,9.0,公师
2023,19027,北京师范大学(珠海校区),4,思想政治教育(国家公费师范生),历+政,627.0,615,1748.0,103,,,32.0,公师
2023,19027,北京师范大学(珠海校区),19,人文科学试验班,历,638.0,622,1231.0,201,,,44.0,汉语言文学、英语、历史学
2023,19027,北京师范大学(珠海校区),20,社会科学试验班,历,622.0,621,1299.0,201,,,12.0,经济学(数据科学方向)、金融科技、人力资源管理(全球领导力方向)
2023,10610,四川大学,92,法学,历,,626,1041.0,202,,,2.0,
2023,10610,四川大学,93,新闻传播学类,历,,620,1398.0,202,,,2.0,新闻学、广告学、网络与新媒体
2023,10610,四川大学,97,会计学,历,,612,2068.0,202,,,2.0,
2023,10610,四川大学,91,经济学类,历,,612,2068.0,202,,,2.0,国际经济与贸易、经济学、国民经济管理、财政学
2023,10610,四川大学,96,公共管理类,历,,611,2160.0,202,,,2.0,行政管理、劳动与社会保障、土地资源管理
2023,10610,四川大学,95,西班牙语,历,,609,2361.0,202,,,2.0,
2023,10004,北京交通大学,10,外国语言文学类,历,602.0,598,3605.0,201,,,2.0,英语、西班牙语、葡萄牙语
2023,10004,北京交通大学,11,新闻传播学类,历,603.0,602,3081.0,202,,,3.0,传播学、网络与新媒体
2023,10004,北京交通大学,12,法学,历,608.0,602,3081.0,202,,,4.0,
2023,10036,对外经济贸易大学,1,法语,历,614.0,613,1928.0,101,,,2.0,“法语-国贸”双学士学位
2023,10036,对外经济贸易大学,2,德语,历,614.0,613,1928.0,101,,,2.0,
2023,10036,对外经济贸易大学,4,西班牙语,历,613.0,613,1928.0,101,,,1.0,
2023,10036,对外经济贸易大学,3,日语,历,606.0,605,2735.0,101,,,3.0,
2023,10036,对外经济贸易大学,5,波斯语,历,608.0,601,3206.0,101,,,2.0,
2023,10036,对外经济贸易大学,6,越南语,历,598.0,598,3605.0,101,,,1.0,
2023,10036,对外经济贸易大学,14,国际经济与贸易(国际组织人才基地班),历,639.0,631,783.0,201,,,3.0,
2023,10036,对外经济贸易大学,18,法学类,历,632.0,627,966.0,201,,,8.0,法学、法学(含与大数据
2023,10036,对外经济贸易大学,12,金融学类,历,643.0,619,1437.0,201,,,6.0,金融学、金融学(国际金融与市场)、经济与金融、投资学、保险学(含与大数据
2023,10036,对外经济贸易大学,13,经济学类,历,624.0,618,1520.0,201,,,4.0,国际经济与贸易、财政学、税收学
2023,10036,对外经济贸易大学,16,供应链管理,历,618.0,617,1596.0,201,,,3.0,
2023,10036,对外经济贸易大学,17,工商管理类,历,618.0,614,1833.0,201,,,10.0,会计学、财务管理、人力资源管理、市场营销、工商管理(全球管理实验班)
2023,10036,对外经济贸易大学,15,国际商务,历,614.0,613,1928.0,201,,,2.0,
2023,10036,对外经济贸易大学,19,公共管理类,历,616.0,613,1928.0,201,,,2.0,海关管理、行政管理、公共事业管理、文化产业管理
2023,10053,中国政法大学,1,侦查学(网络犯罪侦查),历+政,612.0,619,1437.0,102,,,5.0,
2023,10053,中国政法大学,11,翻译(法律翻译实验班),历,614.0,613,1928.0,201,,,2.0,
2023,10053,中国政法大学,10,英语(法律英语实验班),历,616.0,612,2023.0,201,,,2.0,
2023,10053,中国政法大学,12,德语(法律德语实验班),历,615.0,608,2415.0,202,,,2.0,
2023,10053,中国政法大学,6,法学(法学人才培养模式改革实验班),历,655.0,646,288.0,203,,,8.0,
2023,10053,中国政法大学,7,法学(涉外法治人才培养实验班),历,646.0,644,346.0,203,,,4.0,
2023,10053,中国政法大学,5,法学,历,645.0,638,528.0,203,,,24.0,
2023,10053,中国政法大学,9,汉语言文学,历,637.0,637,556.0,203,,,3.0,
2023,10053,中国政法大学,15,应用心理学,历,637.0,637,556.0,203,,,1.0,
2023,10053,中国政法大学,18,公共事业管理,历,628.0,628,916.0,203,,,1.0,
2023,10053,中国政法大学,14,网络与新媒体,历,628.0,628,916.0,203,,,1.0,
2023,10053,中国政法大学,4,哲学(拔尖创新人才培养实验班),历,636.0,628,916.0,203,,,3.0,
2023,10053,中国政法大学,13,新闻学,历,625.0,625,1066.0,203,,,1.0,
2023,10053,中国政法大学,16,工商管理,历,634.0,623,1168.0,203,,,3.0,
2023,10053,中国政法大学,17,行政管理,历,621.0,621,1299.0,203,,,2.0,
2023,10053,中国政法大学,8,社会工作,历,623.0,621,1299.0,203,,,2.0,
2023,10053,中国政法大学,21,政治学与行政学,历+政,618.0,615,1748.0,204,,,3.0,
2023,10053,中国政法大学,20,国际政治,历+政,614.0,613,1928.0,204,,,3.0,
2023,10053,中国政法大学,19,思想政治教育,历+政,614.0,613,1928.0,204,,,2.0,
2023,10561,华南理工大学,39,法学(卓越法律班),历,633.0,623,1168.0,201,,,5.0,
2023,10561,华南理工大学,41,"经济学(创新班,本硕连读)",历,624.0,621,1299.0,201,,,4.0,
2023,10561,华南理工大学,40,法学类,历,622.0,616,1667.0,201,,,35.0,法学、知识产权
2023,10561,华南理工大学,37,传播学,历,615.0,609,2312.0,201,,,5.0,“2+2”联合班
2023,10561,华南理工大学,42,经济学类,历,622.0,607,2514.0,201,,,50.0,经济学、金融学、国际经济与贸易
2023,10561,华南理工大学,33,工商管理类,历,615.0,607,2514.0,201,,,21.0,工商管理、人力资源管理、市场营销、财务管理
2023,10561,华南理工大学,38,新闻传播学类,历,618.0,604,2842.0,201,,,30.0,新闻学、传播学、广告学
2023,10561,华南理工大学,35,商务英语,历,618.0,604,2842.0,201,,,16.0,
2023,10561,华南理工大学,34,行政管理,历,615.0,604,2842.0,201,,,12.0,
2023,10561,华南理工大学,43,旅游管理类,历,606.0,603,2956.0,201,,,18.0,旅游管理、会展经济与管理
2023,10561,华南理工大学,36,日语,历,603.0,603,2956.0,201,,,3.0,
2023,10019,中国农业大学,7,农林经济管理(中外合作办学),历,600.0,600,3397.0,205,,,2.0,中外合作
2023,10019,中国农业大学,6,传播学(中外合作办学),历,604.0,598,3680.0,205,,,2.0,中外合作
2023,10019,中国农业大学,5,国际经济与贸易(中外合作办学),历,597.0,596,3954.0,205,,,2.0,中外合作
2023,10422,山东大学,1,马克思主义理论,历+政,612.0,611,2115.0,101,,,2.0,
2023,10422,山东大学,21,中国语言文学类,历,629.0,625,1066.0,201,,,2.0,汉语言文学
2023,10422,山东大学,20,法学类,历,627.0,625,1066.0,201,,,2.0,法学
2023,10422,山东大学,17,经济学类,历,621.0,620,1367.0,201,,,4.0,经济学、财政学、金融学、国际经济与贸易
2023,10422,山东大学,23,历史学类,历,623.0,614,1833.0,201,,,3.0,历史学、考古学、档案学
2023,10422,山东大学,26,汉语国际教育,历,612.0,612,2023.0,201,,,2.0,
2023,10422,山东大学,16,哲学类,历,609.0,608,2415.0,201,,,2.0,哲学、宗教学
2023,10422,山东大学,19,公共管理类,历,612.0,606,2619.0,201,,,2.0,行政管理
2023,10422,山东大学,25,新闻传播学类,历,607.0,606,2619.0,201,,,2.0,新闻学、国际新闻与传播
2023,10422,山东大学,24,工商管理类,历,620.0,603,2956.0,201,,,6.0,工商管理、会计学
2023,10422,山东大学,22,外国语言文学类,历,614.0,603,2956.0,201,,,8.0,英语、俄语(俄英双语)、德语、法语、西班牙语、日语、朝鲜语(朝英双语)、翻译
2023,10422,山东大学,18,政治学类,历+政,612.0,612,2023.0,202,,,2.0,政治学与行政学、国际政治
2023,10533,中南大学,44,法学类,历,,615,1748.0,201,,,6.0,社会学、法学
2023,10533,中南大学,45,中国语言文学类,历,,615,1748.0,201,,,9.0,汉语言文学、数字出版
2023,10533,中南大学,43,金融学类,历,,611,2115.0,201,,,7.0,国际经济与贸易、金融学、工商管理、会计学、行政管理
2023,10533,中南大学,46,外国语言文学类,历,,611,2115.0,201,,,9.0,英语、法语、日语、西班牙语
2023,10276,华东政法大学,9,法学(涉外卓越国际金融法律人才实验班),历,629.0,629,871.0,201,,,2.0,
2023,10276,华东政法大学,3,法学,历,630.0,625,1066.0,201,,,2.0,培养民商法律人才
2023,10276,华东政法大学,4,法学,历,620.0,620,1367.0,201,,,1.0,培养经济法人才
2023,10276,华东政法大学,10,知识产权(卓越人才实验班),历,617.0,617,1596.0,201,,,1.0,
2023,10276,华东政法大学,5,法学,历,627.0,615,1748.0,201,,,2.0,培养国际经济法人才
2023,10276,华东政法大学,7,法学,历,614.0,614,1833.0,201,,,1.0,培养网络与信息法人才
2023,10276,华东政法大学,6,法学,历,614.0,614,1833.0,201,,,1.0,培养刑事法律人才
2023,10276,华东政法大学,8,法学(卓越刑事法律人才实验班),历,613.0,613,1928.0,201,,,1.0,
2023,10276,华东政法大学,12,经济学类,历,612.0,612,2023.0,201,,,1.0,经济学、金融学、国际经济与贸易、会计学、金融学(数量金融)
2023,10276,华东政法大学,11,网络与新媒体,历,612.0,612,2023.0,201,,,1.0,
2023,10276,华东政法大学,14,公共管理类,历,612.0,611,2115.0,201,,,2.0,行政管理、劳动与社会保障
2023,10276,华东政法大学,13,社会学类,历,613.0,611,2115.0,201,,,2.0,社会学、社会工作、社会政策
2023,10030,北京外国语大学,27,俄语,历,633.0,633,711.0,202,,,1.0,
2023,10030,北京外国语大学,26,英语(国别与区域研究),历,629.0,629,891.0,202,,,1.0,
2023,10030,北京外国语大学,30,日语,历,621.0,621,1334.0,202,,,1.0,
2023,10030,北京外国语大学,25,英语(中国政法大学联合培养涉外法治人才),历,634.0,619,1475.0,202,,,2.0,
2023,10030,北京外国语大学,31,翻译(外交外事高级翻译),历,618.0,618,1564.0,202,,,1.0,
2023,10030,北京外国语大学,28,德语,历,616.0,616,1707.0,202,,,1.0,
2023,10030,北京外国语大学,24,英语,历,615.0,615,1787.0,202,,,1.0,
2023,10030,北京外国语大学,21,法学,历,612.0,612,2068.0,202,,,1.0,
2023,10030,北京外国语大学,32,新闻学,历,617.0,610,2262.0,202,,,2.0,
2023,10030,北京外国语大学,29,西班牙语,历,613.0,610,2262.0,202,,,3.0,
2023,10030,北京外国语大学,20,国际经济与贸易,历,610.0,608,2467.0,202,,,3.0,
2023,10030,北京外国语大学,33,工商管理类,历,608.0,608,2467.0,202,,,1.0,工商管理、会计学、财务管理、电子商务、国际商务
2023,10030,北京外国语大学,23,国际组织与全球治理,历+政,627.0,627,990.0,203,,,1.0,
2023,10030,北京外国语大学,22,外交学,历+政,626.0,620,1398.0,203,,,2.0,
2023,10251,华东理工大学,5,法学,历,607.0,606,2619.0,201,,,2.0,卓越法律人才基地;培养多学科交叉型法律人才
2023,10251,华东理工大学,4,公共管理类,历,609.0,602,3081.0,201,,,4.0,社会学、社会工作、公共事业管理、行政管理、劳动与社会保障
2023,10217,哈尔滨工程大学,4,法学,历,579.0,577,7495.0,201,,,2.0,
2023,10217,哈尔滨工程大学,3,英语,历,574.0,574,8218.0,201,,,2.0,
2023,10217,哈尔滨工程大学,1,金融学,历,574.0,573,8454.0,201,,,4.0,
2023,10217,哈尔滨工程大学,2,工商管理,历,574.0,571,8956.0,201,,,4.0,
2023,19422,山东大学威海分校,4,汉语言文学,历,615.0,608,2415.0,201,,,4.0,
2023,19422,山东大学威海分校,1,经济学类,历,602.0,602,3081.0,201,,,2.0,金融学(证券、银行)、金融学(保险)、国际经济与贸易
2023,19422,山东大学威海分校,2,工商管理类,历,602.0,601,3206.0,201,,,2.0,工商管理(数字化运营管理)、工商管理(数字营销)、工商管理(商务智能)、工商管理(旅游与大数据)、工商管理(组织与人力资本管理)、会计学、供应链管理
2023,19422,山东大学威海分校,5,外国语言文学类,历,603.0,600,3333.0,201,,,7.0,英语(语言文学)、英语(英德双语)、英语(英法双语)、英语(英西双语)、英语(英俄双语)、英语(英日双语)、英语(国际传播)、翻译、朝鲜语(翻译)、朝鲜语(经贸)
2023,19422,山东大学威海分校,3,法学类,历+政,609.0,608,2415.0,202,,,2.0,法学、政治学与行政学、社会工作
2023,10316,中国药科大学,3,英语(医药),历,600.0,600,3333.0,201,,,1.0,
2023,10316,中国药科大学,2,经济管理试验班(医药),历,586.0,579,6945.0,202,,,3.0,药事管理、国际经济与贸易、工商管理、经济学、健康服务与管理
2023,10730,兰州大学,14,英语,历,598.0,596,3883.0,201,,,4.0,
2023,10730,兰州大学,16,日语,历,592.0,590,4859.0,202,,,2.0,
2023,10730,兰州大学,15,德语,历,596.0,594,4185.0,203,,,4.0,
2023,10730,兰州大学,19,法语,历,597.0,596,3883.0,204,,,2.0,
2023,10730,兰州大学,11,法学,历,605.0,604,2842.0,205,,,2.0,
2023,10730,兰州大学,13,汉语言文学,历,604.0,603,2956.0,205,,,3.0,
2023,10730,兰州大学,17,新闻传播学类,历,602.0,601,3206.0,205,,,3.0,新闻学、广告学
2023,10730,兰州大学,9,哲学,历,602.0,601,3206.0,205,,,3.0,
2023,10730,兰州大学,20,工商管理类,历+生/地,600.0,596,3883.0,206,,,5.0,信息管理与信息系统、市场营销、会计学、人力资源管理、行政管理
2023,10730,兰州大学,12,政治学类,历+政,611.0,600,3333.0,207,,,5.0,政治学与行政学、国际政治
2023,10730,兰州大学,18,历史学类,历+地,605.0,603,2956.0,208,,,2.0,历史学(基地班)、历史学、世界史、文物与博物馆学
2023,10730,兰州大学,10,经济学类,历,604.0,600,3333.0,214,,,4.0,经济学、国际经济与贸易、金融学、金融工程
2023,10651,西南财经大学,36,会计学,历,618.0,613,1928.0,201,,,2.0,培养注册会计师专门化人才
2023,10651,西南财经大学,43,法学(法学与金融学双学位),历,610.0,610,2212.0,201,,,1.0,
2023,10651,西南财经大学,34,经济学(国家经济学基础人才培养基地班),历,610.0,609,2312.0,201,,,2.0,
2023,10651,西南财经大学,44,法学(法学与国商双学位),历,608.0,608,2415.0,201,,,1.0,
2023,10651,西南财经大学,40,财政学类,历,608.0,608,2415.0,201,,,1.0,财政学、税收学
2023,10651,西南财经大学,31,金融学类,历,613.0,607,2514.0,201,,,4.0,金融学、金融工程、信用管理、金融学(证券与期货方向)、投资学
2023,10651,西南财经大学,39,工商管理(双语实验班),历,607.0,607,2514.0,201,,,1.0,
2023,10651,西南财经大学,32,金融学(双语实验班),历,606.0,606,2619.0,201,,,2.0,
2023,10651,西南财经大学,42,金融学(经管国际化创新实验班),历,606.0,606,2619.0,201,,,1.0,
2023,10651,西南财经大学,41,经济与贸易类,历,605.0,605,2735.0,201,,,1.0,国际商务(双语实验班)、国际经济与贸易(双语实验班)
2023,10651,西南财经大学,35,工商管理类(会计学院),历,605.0,604,2842.0,201,,,2.0,会计学(大数据会计)、财务管理、审计学
2023,10651,西南财经大学,33,金融学类,历,606.0,603,2956.0,201,,,3.0,保险学、保险学(财务与会计双语实验班)、保险学(精算双语实验班)
2023,10651,西南财经大学,37,会计学(双语实验班),历,604.0,603,2956.0,201,,,2.0,
2023,10651,西南财经大学,38,工商管理类,历,603.0,603,2956.0,201,,,1.0,工商管理、市场营销、旅游管理、供应链管理、人力资源管理
2023,10651,西南财经大学,45,会计学(中外合作办学),历,599.0,592,4530.0,204,,,5.0,中外合作
2023,10651,西南财经大学,46,市场营销(中外合作办学)(金融服务与营销),历,591.0,587,5365.0,204,,,5.0,中外合作
2023,10423,中国海洋大学,4,汉语言文学,历,607.0,606,2619.0,201,,,2.0,
2023,10423,中国海洋大学,6,法学,历,608.0,606,2619.0,201,,,4.0,
2023,10423,中国海洋大学,14,国际经济与贸易,历,605.0,605,2735.0,201,,,2.0,
2023,10423,中国海洋大学,5,新闻传播学类,历,605.0,605,2735.0,201,,,2.0,新闻学、网络与新媒体
2023,10423,中国海洋大学,11,电子商务,历,603.0,603,2956.0,201,,,1.0,
2023,10423,中国海洋大学,15,德语,历,604.0,602,3081.0,201,,,2.0,
2023,10423,中国海洋大学,13,旅游管理,历,604.0,602,3081.0,201,,,2.0,
2023,10423,中国海洋大学,18,英语,历,604.0,602,3081.0,201,,,2.0,
2023,10423,中国海洋大学,16,法语,历,601.0,601,3206.0,201,,,2.0,
2023,10423,中国海洋大学,17,日语,历,600.0,600,3333.0,201,,,2.0,
2023,10423,中国海洋大学,9,政治学与行政学,历+政,607.0,604,2842.0,202,,,2.0,
2023,10423,中国海洋大学,7,法学(中外合作办学),历,598.0,602,3081.0,206,,,4.0,中外合作
2023,10423,中国海洋大学,12,工商管理,历,601.0,601,3206.0,209,,,1.0,
2023,10423,中国海洋大学,8,行政管理,历,600.0,599,3464.0,209,,,3.0,
2023,10423,中国海洋大学,10,公共事业管理,历,599.0,597,3746.0,209,,,3.0,
2023,10033,中国传媒大学,1,日语,历,605.0,605,2790.0,101,,,2.0,
2023,10033,中国传媒大学,2,俄语,历,601.0,600,3397.0,101,,,2.0,
2023,10033,中国传媒大学,3,马来语,历,591.0,588,5265.0,101,,,2.0,
2023,10033,中国传媒大学,40,广告学,历,637.0,622,1262.0,202,,,3.0,
2023,10033,中国传媒大学,41,国际新闻与传播,历,623.0,615,1787.0,202,,,2.0,
2023,10033,中国传媒大学,46,汉语言文学,历,623.0,612,2068.0,202,,,3.0,
2023,10033,中国传媒大学,42,编辑出版学,历,620.0,606,2678.0,202,,,2.0,培养新媒体人才
2023,10033,中国传媒大学,44,英语,历,610.0,606,2678.0,202,,,2.0,
2023,10033,中国传媒大学,43,数字出版,历,606.0,606,2678.0,202,,,2.0,
2023,10033,中国传媒大学,47,汉语国际教育,历,604.0,604,2893.0,202,,,2.0,
2023,10033,中国传媒大学,45,翻译,历,603.0,603,3017.0,202,,,2.0,
2023,10033,中国传媒大学,48,传播学(中外合作办学),历,609.0,605,2790.0,204,,,4.0,中外合作
2023,10285,苏州大学,33,法语(5年),历,599.0,599,3464.0,201,,,1.0,
2023,10285,苏州大学,28,英语(师范),历,598.0,598,3605.0,201,,,1.0,普师
2023,10285,苏州大学,24,汉语言文学(师范),历,612.0,612,2023.0,202,,,1.0,普师
2023,10285,苏州大学,27,法学,历,610.0,610,2212.0,202,,,1.0,
2023,10285,苏州大学,32,知识产权,历,608.0,608,2415.0,202,,,1.0,
2023,10285,苏州大学,26,新闻传播学类,历,607.0,607,2514.0,202,,,1.0,新闻学、广告学、网络与新媒体
2023,10285,苏州大学,25,汉语言文学(省拔尖人才培养基地),历,607.0,607,2514.0,202,,,1.0,
2023,10285,苏州大学,29,汉语国际教育,历,607.0,607,2514.0,202,,,1.0,
2023,10285,苏州大学,30,人力资源管理,历,600.0,600,3333.0,211,,,1.0,
2023,10285,苏州大学,31,物流管理,历,599.0,599,3464.0,211,,,1.0,
2023,10613,西南交通大学,39,法学,历,594.0,593,4436.0,201,,,2.0,
2023,10613,西南交通大学,36,新闻传播学类,历,593.0,592,4622.0,201,,,2.0,传播学、广告学
2023,10613,西南交通大学,37,汉语国际教育,历,592.0,591,4772.0,201,,,2.0,
2023,10613,西南交通大学,38,外国语言文学类,历,602.0,590,4944.0,201,,,5.0,英语、翻译、日语、德语、法语
2023,10613,西南交通大学,40,政治学与行政学,历+政,591.0,591,4772.0,202,,,2.0,
2023,10010,北京化工大学,2,法学(卓越实验班),历,591.0,591,4698.0,201,,,1.0,
2023,10010,北京化工大学,4,英语,历,587.0,587,5365.0,201,,,2.0,
2023,10010,北京化工大学,3,工商管理类(新文科经管法),历,593.0,584,5949.0,201,,,10.0,财务管理、会计学、工商管理、国际经济与贸易、公共事业管理、行政管理、法学
2023,10054,华北电力大学(北京),32,外国语言文学类,历,591.0,589,5019.0,201,,,2.0,英语、翻译
2023,10054,华北电力大学(北京),29,法学,历,593.0,590,4859.0,202,,,2.0,
2023,10054,华北电力大学(北京),31,网络与新媒体,历,586.0,586,5564.0,202,,,2.0,
2023,10054,华北电力大学(北京),30,公共管理类,历,585.0,585,5757.0,202,,,2.0,公共事业管理、行政管理
2023,11414,中国石油大学(北京),2,英语,历,587.0,584,5949.0,201,,,2.0,
2023,11414,中国石油大学(北京),1,思想政治教育,历+政,587.0,585,5757.0,202,,,2.0,
2023,10359,合肥工业大学,4,英语,历,577.0,574,8097.0,201,,,3.0,
2023,10359,合肥工业大学,5,法学,历,585.0,584,5949.0,202,,,2.0,
2023,10359,合肥工业大学,3,思想政治教育,历+政,583.0,582,6333.0,203,,,3.0,
2023,10183,吉林大学,17,西班牙语,历,608.0,608,2415.0,201,,,1.0,
2023,10183,吉林大学,16,俄语,历,606.0,604,2842.0,201,,,2.0,
2023,10183,吉林大学,15,英语,历,605.0,604,2842.0,201,,,2.0,
2023,10183,吉林大学,18,日语,历,597.0,597,3746.0,201,,,1.0,
2023,10183,吉林大学,20,法学,历,634.0,630,826.0,202,,,4.0,
2023,10183,吉林大学,10,哲学,历,627.0,627,966.0,202,,,1.0,匡亚明班，拔尖学生培养基地
2023,10183,吉林大学,14,新闻传播学类,历,626.0,626,1016.0,202,,,1.0,新闻学、广告学
2023,10183,吉林大学,23,思想政治教育,历+政,611.0,611,2115.0,203,,,1.0,
2023,10183,吉林大学,21,政治学与行政学,历+政,625.0,610,2212.0,203,,,2.0,政治学与行政学、国际政治、行政管理
2023,10183,吉林大学,22,外交学,历+政,609.0,609,2312.0,203,,,2.0,
2023,10183,吉林大学,11,人文科学试验班,历+地,614.0,611,2115.0,204,,,2.0,汉语言文学、历史学，匡亚明班，双学位
2023,10183,吉林大学,12,历史学,历+地,611.0,610,2212.0,204,,,2.0,
2023,10183,吉林大学,13,考古学,历,616.0,613,1928.0,212,,,2.0,考古学、文物与博物馆学
2023,10183,吉林大学,19,经济学类,历,613.0,604,2842.0,213,,,6.0,经济学、财政学、国际经济与贸易、金融学
2023,10255,东华大学,21,经济与贸易类,历,595.0,595,4030.0,201,,,2.0,国际经济与贸易、金融学
2023,10255,东华大学,20,经济管理试验班,历,596.0,595,4030.0,201,,,2.0,市场营销、财务管理、会计学、旅游管理、工商管理
2023,10255,东华大学,22,日语,历,595.0,594,4185.0,201,,,2.0,
2023,10255,东华大学,23,新闻传播学类,历,598.0,594,4185.0,201,,,2.0,传播学、公共关系学
2023,10255,东华大学,24,英语,历,594.0,594,4185.0,201,,,1.0,
2023,19359,合肥工业大学(宣城校区),2,英语,历,573.0,572,8574.0,201,,,2.0,
2023,19359,合肥工业大学(宣城校区),4,法学,历,578.0,577,7390.0,202,,,2.0,
2023,19359,合肥工业大学(宣城校区),3,网络与新媒体,历,574.0,574,8097.0,202,,,2.0,
2023,10511,华中师范大学,3,汉语言文学(国家公费师范生),历,616.0,614,1833.0,101,,,4.0,公师
2023,10511,华中师范大学,5,历史学(国家公费师范生),历,615.0,613,1928.0,101,,,3.0,公师
2023,10511,华中师范大学,4,英语(国家公费师范生),历,617.0,613,1928.0,101,,,3.0,公师
2023,10511,华中师范大学,1,特殊教育(国家公费师范生),历,609.0,609,2312.0,101,,,1.0,公师
2023,10511,华中师范大学,2,思想政治教育(国家公费师范生),历+政,615.0,614,1833.0,102,,,3.0,公师
2023,10511,华中师范大学,6,地理科学(国家公费师范生),历+地,614.0,614,1833.0,103,,,2.0,公师
2023,10511,华中师范大学,36,中国语言文学类,历,619.0,615,1748.0,201,,,7.0,汉语言文学、汉语言、汉语言文学(国家拔尖学生培养基地)
2023,10511,华中师范大学,34,教育学类,历,619.0,614,1833.0,201,,,2.0,教育学、学前教育、融合教育
2023,10511,华中师范大学,42,历史学类,历,615.0,609,2312.0,201,,,4.0,"历史学、历史学(文遗班)、历史学(开沅班,国家拔尖学生培养基地)、历史学(国家文科基地班)"
2023,10511,华中师范大学,35,法学类,历,611.0,608,2415.0,201,,,2.0,法学、法学(法学经济学交叉班)
2023,10511,华中师范大学,46,社会学类,历,608.0,608,2415.0,201,,,1.0,社会工作、社会学、社会学
2023,10511,华中师范大学,37,英语,历,612.0,608,2415.0,201,,,2.0,
2023,10511,华中师范大学,39,俄语,历,606.0,606,2619.0,201,,,1.0,
2023,10511,华中师范大学,43,新闻传播学类,历,606.0,606,2619.0,201,,,2.0,新闻学、广播电视学、网络与新媒体、网络与新媒体
2023,10511,华中师范大学,40,法语,历,605.0,605,2735.0,201,,,1.0,
2023,10511,华中师范大学,41,西班牙语,历,606.0,601,3206.0,201,,,2.0,
2023,10511,华中师范大学,45,经济学类,历,602.0,600,3333.0,201,,,4.0,经济学、国际经济与贸易、工商管理、人力资源管理、财务会计教育、经济学(法学经济学交叉班)、经济学(数学经济学交叉班)
2023,10511,华中师范大学,44,电子商务,历,608.0,599,3464.0,201,,,2.0,
2023,10511,华中师范大学,47,公共管理类,历,599.0,599,3464.0,201,,,1.0,行政管理、劳动与社会保障、土地资源管理
2023,10511,华中师范大学,38,日语,历,603.0,599,3464.0,201,,,2.0,
2023,10511,华中师范大学,48,政治学类,历+政,614.0,607,2514.0,202,,,4.0,政治学与行政学、国际政治
2023,10497,武汉理工大学,6,经济学类,历,596.0,590,4944.0,201,,,3.0,经济学、金融学、国际经济与贸易、电子商务
2023,10497,武汉理工大学,10,法学类,历,599.0,587,5464.0,201,,,6.0,法学、社会工作
2023,10497,武汉理工大学,5,工商管理类,历,598.0,586,5662.0,201,,,4.0,市场营销、财务管理、人力资源管理、工商管理、会计学、创业管理
2023,10497,武汉理工大学,9,新闻传播学类,历,587.0,586,5662.0,201,,,3.0,广告学、网络与新媒体、汉语国际教育
2023,10497,武汉理工大学,7,外国语言文学类,历,586.0,585,5850.0,201,,,5.0,英语、法语、日语
2023,10497,武汉理工大学,8,思想政治教育,历+政,592.0,585,5850.0,202,,,4.0,
2023,10497,武汉理工大学,11,金融学(中外合作办学),历,585.0,582,6431.0,207,,,2.0,中外合作
2023,10652,西南政法大学,1,侦查学,历+政,592.0,556,13158.0,101,,,9.0,只招男生
2023,10652,西南政法大学,2,侦查学,历+政,586.0,586,5564.0,103,,,1.0,只招女生
2023,10652,西南政法大学,25,英语,历,606.0,602,3081.0,201,,,6.0,
2023,10652,西南政法大学,23,法学,历,622.0,620,1367.0,202,,,2.0,培养“法学-金融学”双学士学位复合型人才
2023,10652,西南政法大学,19,法学,历,625.0,618,1520.0,202,,,2.0,培养“法学-工商管理”双学士学位复合型人才
2023,10652,西南政法大学,26,法学,历,618.0,618,1520.0,202,,,2.0,培养“法学-英语”双学士学位复合型人才
2023,10652,西南政法大学,30,法学,历,626.0,617,1596.0,202,,,2.0,"培养“法学-公共事业管理""双学士学位复合型人才"
2023,10652,西南政法大学,16,法学,历,624.0,617,1596.0,202,,,2.0,培养“法学-审计学”双学士学位复合型人才
2023,10652,西南政法大学,24,法学,历,618.0,616,1667.0,202,,,2.0,培养“法学-国际经济与贸易”双学士学位复合型人才
2023,10652,西南政法大学,14,法学,历,631.0,612,2023.0,202,,,37.0,
2023,10652,西南政法大学,17,知识产权,历,612.0,612,2023.0,202,,,2.0,
2023,10652,西南政法大学,20,经济统计学,历,611.0,611,2115.0,202,,,2.0,
2023,10652,西南政法大学,29,行政管理,历,611.0,611,2115.0,202,,,2.0,
2023,10652,西南政法大学,22,金融学,历,610.0,610,2212.0,202,,,4.0,
2023,10652,西南政法大学,21,数字经济,历,610.0,610,2212.0,202,,,2.0,
2023,10652,西南政法大学,27,德语,历,609.0,609,2312.0,202,,,2.0,
2023,10652,西南政法大学,15,法学,历,618.0,609,2312.0,202,,,4.0,培养“法学-法语”双学士学位复合型人才
2023,10652,西南政法大学,18,工商管理类,历,610.0,609,2312.0,202,,,10.0,工商管理、市场营销、会计学、审计学、劳动关系、电子商务及法律
2023,10652,西南政法大学,28,新闻传播学类,历,613.0,609,2312.0,202,,,8.0,新闻学、广播电视学、传播学、网络与新媒体
2023,10652,西南政法大学,13,法学(中外合作办学),历,612.0,610,2212.0,205,,,6.0,中外合作
2023,10635,西南大学,2,历史学(国家公费师范生),历,613.0,613,1928.0,101,,,1.0,公师
2023,10635,西南大学,1,汉语言文学(国家公费师范生),历,615.0,613,1928.0,101,,,2.0,公师
2023,10635,西南大学,5,地理科学(国家公费师范生),历+化/地,612.0,612,2023.0,102,,,1.0,公师
2023,10635,西南大学,3,思想政治教育(国家公费师范生),历+政,612.0,611,2115.0,103,,,2.0,公师
2023,10635,西南大学,4,特殊教育(国家公费师范生),历,611.0,611,2115.0,108,,,1.0,公师
2023,10635,西南大学,14,英语,历,598.0,598,3605.0,201,,,1.0,
2023,10635,西南大学,18,工商管理类,历,596.0,596,3883.0,202,,,1.0,工商管理、人力资源管理、会计学、旅游管理
2023,10635,西南大学,19,经济学类,历,596.0,596,3883.0,202,,,1.0,经济学、金融学
2023,10635,西南大学,20,文化产业管理,历,593.0,593,4351.0,202,,,1.0,
2023,10635,西南大学,21,新闻学,历,593.0,593,4351.0,202,,,1.0,
2023,10635,西南大学,15,俄语,历,592.0,592,4530.0,202,,,1.0,
2023,10635,西南大学,16,德语,历,592.0,592,4530.0,202,,,1.0,
2023,10635,西南大学,17,日语,历,591.0,591,4698.0,202,,,1.0,
2023,10635,西南大学,23,经济学(中外合作办学),历,594.0,594,4185.0,213,,,1.0,中外合作
2023,10635,西南大学,22,植物科学与技术(中外合作办学),历+化/生,580.0,580,6734.0,214,,,1.0,中外合作
2023,10319,南京师范大学,5,汉语国际教育(师范),历,607.0,597,3746.0,201,,,3.0,普师
2023,10319,南京师范大学,6,国际经济与贸易,历,596.0,595,4030.0,201,,,2.0,
2023,10357,安徽大学,3,汉语言文学,历,596.0,584,5949.0,201,,,4.0,
2023,10357,安徽大学,5,经济学,历,588.0,578,7174.0,201,,,4.0,
2023,10357,安徽大学,4,新闻传播学类,历,584.0,578,7174.0,201,,,5.0,新闻学、广播电视学、编辑出版学、网络与新媒体
2023,10357,安徽大学,8,西班牙语,历,581.0,577,7390.0,201,,,2.0,
2023,10357,安徽大学,7,旅游管理,历,576.0,576,7615.0,201,,,3.0,
2023,10357,安徽大学,6,工商管理类,历,580.0,575,7855.0,201,,,6.0,会计学、工商管理、市场营销、人力资源管理
2023,10294,河海大学,14,会计学,历,601.0,599,3464.0,203,,,2.0,
2023,10294,河海大学,16,法学,历,598.0,597,3746.0,203,,,2.0,
2023,10294,河海大学,19,金融工程,历,598.0,596,3883.0,203,,,2.0,
2023,10294,河海大学,20,国际经济与贸易,历,593.0,591,4698.0,203,,,2.0,
2023,10294,河海大学,17,英语,历,590.0,588,5179.0,203,,,2.0,
2023,10294,河海大学,18,法语,历,588.0,587,5365.0,203,,,2.0,
2023,10294,河海大学,15,广播电视学,历,587.0,586,5564.0,203,,,2.0,
2023,10140,辽宁大学,10,英语,历,570.0,568,9759.0,201,,,2.0,
2023,10140,辽宁大学,1,汉语言文学,历,581.0,577,7495.0,202,,,5.0,
2023,10140,辽宁大学,2,历史学,历,579.0,576,7734.0,202,,,4.0,
2023,10140,辽宁大学,3,新闻学,历,575.0,575,7974.0,202,,,2.0,
2023,10140,辽宁大学,11,纪检监察,历,575.0,575,7974.0,202,,,1.0,
2023,10140,辽宁大学,9,会计学,历,577.0,574,8218.0,202,,,2.0,
2023,10140,辽宁大学,5,财政学,历,574.0,572,8692.0,202,,,3.0,
2023,10140,辽宁大学,4,编辑出版学,历,575.0,570,9219.0,202,,,3.0,
2023,10140,辽宁大学,8,朝鲜语,历,569.0,569,9487.0,202,,,3.0,
2023,10140,辽宁大学,7,国际经济与贸易,历,575.0,569,9487.0,202,,,3.0,
2023,10140,辽宁大学,6,金融学类,历,572.0,569,9487.0,202,,,3.0,金融学、保险学
2023,10140,辽宁大学,12,会计学(中外合作办学)(英国),历,559.0,559,12361.0,204,,,2.0,中外合作
2023,10140,辽宁大学,18,新闻学(学分互认),历,572.0,540,19275.0,206,,,3.0,
2023,10140,辽宁大学,17,国际商务(中外合作办学),历,556.0,550,15361.0,208,,,3.0,中外合作
2023,10140,辽宁大学,16,金融学(中外合作办学),历,557.0,557,13009.0,209,,,2.0,中外合作
2023,10140,辽宁大学,15,会计学(中外合作办学),历,560.0,560,12053.0,210,,,1.0,中外合作
2023,10140,辽宁大学,14,工商管理(中外合作办学),历,544.0,544,17601.0,211,,,1.0,中外合作
2023,10140,辽宁大学,13,市场营销(中外合作办学),历,531.0,531,23185.0,212,,,1.0,中外合作
2023,10459,郑州大学,14,经济学类,历,590.0,590,4773.0,201,,,1.0,经济学、经济统计学、金融学、国际经济与贸易
2023,10459,郑州大学,16,新闻传播学类,历,589.0,589,4946.0,201,,,1.0,新闻学、广播电视学、广告学、网络与新媒体
2023,10459,郑州大学,17,德语,历,585.0,583,6047.0,201,,,2.0,
2023,10459,郑州大学,15,工商管理类,历,590.0,590,4773.0,205,,,1.0,工商管理、会计学
2023,10712,西北农林科技大学,5,英语,历,591.0,589,5019.0,201,,,2.0,
2023,10712,西北农林科技大学,3,法学,历,600.0,600,3333.0,202,,,2.0,
2023,10712,西北农林科技大学,4,公共管理类,历,598.0,595,4030.0,212,,,2.0,劳动与社会保障、公共事业管理
2023,10295,江南大学,11,日语,历,587.0,583,6047.0,201,,,2.0,
2023,10295,江南大学,10,英语,历,582.0,579,6826.0,201,,,4.0,
2023,10295,江南大学,12,社会工作,历,583.0,579,6826.0,202,,,5.0,
2023,10491,中国地质大学(武汉),8,法学,历,,588,5093.0,201,,,4.0,
2023,10491,中国地质大学(武汉),5,经济学类,历,,585,5663.0,201,,,1.0,经济学、国际经济与贸易
2023,10491,中国地质大学(武汉),9,行政管理,历,,584,5851.0,201,,,3.0,
2023,10491,中国地质大学(武汉),7,英语,历,,584,5851.0,201,,,2.0,
2023,10491,中国地质大学(武汉),6,工商管理类,历,,583,6047.0,201,,,10.0,工商管理(双语教学班)、市场营销、会计学、旅游管理
2023,10491,中国地质大学(武汉),10,思想政治教育,历+政,,588,5093.0,202,,,2.0,
2023,10386,福州大学,53,社会学,历,588.0,581,6537.0,201,,,3.0,
2023,10590,深圳大学,102,广告学(卓越班),历,619.0,597,3743.0,201,,,10.0,
2023,10590,深圳大学,101,新闻传播学类,历,601.0,583,6192.0,201,,,120.0,新闻学、广告学、网络与新媒体
2023,10590,深圳大学,103,金融科技,历,609.0,604,2878.0,202,,,10.0,
2023,10590,深圳大学,109,金融学(数理金融实验班),历,603.0,600,3354.0,203,,,5.0,
2023,10590,深圳大学,108,金融学(创新班),历,607.0,598,3614.0,203,,,10.0,
2023,10590,深圳大学,107,经济学(卓越班),历,605.0,594,4116.0,203,,,17.0,
2023,10590,深圳大学,105,工商管理(全英班),历,613.0,588,5094.0,203,,,10.0,
2023,10590,深圳大学,106,金融学类,历,600.0,581,6538.0,203,,,190.0,经济学、金融学、国际经济与贸易、会计学、供应链管理
2023,10590,深圳大学,104,工商管理类,历,593.0,577,7480.0,203,,,203.0,工商管理、市场营销、人力资源管理、电子商务
2023,10590,深圳大学,110,建筑类(5年),历,599.0,582,6249.0,204,,,15.0,建筑学、城乡规划
2023,10590,深圳大学,112,汉语言文学(卓越班),历,608.0,595,3999.0,205,,,14.0,
2023,10590,深圳大学,113,汉语言文学(师范),历,600.0,590,4850.0,205,,,63.0,普师
2023,10590,深圳大学,111,中国语言文学类,历,605.0,586,5540.0,205,,,129.0,哲学、汉语言文学、历史学
2023,10590,深圳大学,114,汉语国际教育(师范),历,589.0,586,5619.0,205,,,48.0,普师
2023,10590,深圳大学,115,学前教育(师范),历,583.0,574,8034.0,206,,,33.0,普师
2023,10590,深圳大学,117,法语(法英),历,584.0,579,6997.0,207,,,10.0,
2023,10590,深圳大学,116,德语(德英),历,581.0,578,7265.0,207,,,11.0,
2023,10590,深圳大学,119,西班牙语,历,590.0,577,7302.0,207,,,9.0,
2023,10590,深圳大学,118,日语,历,586.0,575,7812.0,207,,,32.0,
2023,10590,深圳大学,121,英语(师范),历,592.0,584,5971.0,208,,,50.0,普师
2023,10590,深圳大学,120,英语,历,598.0,581,6521.0,208,,,64.0,
2023,10590,深圳大学,122,法学,历,608.0,590,4785.0,209,,,136.0,
2023,10590,深圳大学,123,行政管理,历,590.0,588,5210.0,209,,,41.0,
2023,10590,深圳大学,124,社会学,历,620.0,588,5213.0,209,,,30.0,
2023,10026,北京中医药大学,31,法学(医药卫生),历,587.0,587,5365.0,201,,,1.0,
2023,10026,北京中医药大学,33,英语(中医药国际传播),历,582.0,582,6333.0,201,,,1.0,
2023,10026,北京中医药大学,30,公共管理类,历,581.0,581,6537.0,201,,,1.0,公共事业管理(卫生健康事业管理)、工商管理(大健康产业管理)
2023,10026,北京中医药大学,32,英语(医学),历,581.0,581,6537.0,201,,,1.0,
2023,10079,华北电力大学(保定),7,法学,历,584.0,582,6431.0,201,,,3.0,
2023,10079,华北电力大学(保定),10,外国语言文学类,历,580.0,573,8454.0,201,,,3.0,英语、翻译
2023,10079,华北电力大学(保定),9,行政管理,历,573.0,572,8692.0,201,,,3.0,
2023,10079,华北电力大学(保定),8,社会工作,历,578.0,571,8956.0,201,,,2.0,
2023,11415,中国地质大学(北京),6,法学,历,598.0,598,3680.0,201,,,1.0,
2023,11415,中国地质大学(北京),7,英语,历,595.0,595,4105.0,201,,,1.0,
2023,11415,中国地质大学(北京),8,自然资源登记与管理,历,594.0,594,4264.0,201,,,1.0,
2023,10542,湖南师范大学,48,汉语言文学(师范),历,597.0,596,3883.0,201,,,2.0,普师
2023,10542,湖南师范大学,49,历史学(师范),历,604.0,595,4030.0,201,,,2.0,普师
2023,10542,湖南师范大学,52,法学,历,596.0,594,4185.0,201,,,5.0,
2023,10542,湖南师范大学,50,文化产业管理,历,594.0,593,4351.0,201,,,2.0,
2023,10542,湖南师范大学,51,小学教育(师范),历,595.0,590,4859.0,201,,,2.0,普师
2023,10542,湖南师范大学,54,会计学,历,591.0,589,5019.0,201,,,2.0,
2023,10542,湖南师范大学,47,学前教育(师范),历,590.0,588,5179.0,201,,,2.0,普师
2023,10542,湖南师范大学,60,外国语言文学类,历,608.0,585,5757.0,201,,,5.0,英语、俄语、德语、法语、西班牙语、阿拉伯语、日语、朝鲜语、葡萄牙语、翻译
2023,10542,湖南师范大学,46,特殊教育(师范),历,594.0,584,5949.0,201,,,3.0,普师
2023,10542,湖南师范大学,55,社会学,历,587.0,582,6333.0,201,,,4.0,
2023,10542,湖南师范大学,53,工商管理,历,595.0,582,6333.0,201,,,3.0,
2023,10542,湖南师范大学,56,哲学,历,594.0,581,6537.0,201,,,4.0,世承书院哲学基地班
2023,10542,湖南师范大学,57,经济学,历,585.0,581,6537.0,201,,,2.0,
2023,10542,湖南师范大学,58,国际经济与贸易,历,581.0,581,6537.0,201,,,2.0,
2023,10542,湖南师范大学,61,新闻传播学类,历,587.0,580,6734.0,201,,,5.0,新闻学、编辑出版学、广告学、网络与新媒体
2023,10542,湖南师范大学,59,旅游管理类,历,581.0,579,6945.0,201,,,8.0,旅游管理、酒店管理、会展经济与管理
2023,10300,南京信息工程大学,9,汉语言文学(师范),历,571.0,569,9354.0,202,,,2.0,普师
2023,10300,南京信息工程大学,6,英语,历,566.0,566,10169.0,202,,,2.0,
2023,10300,南京信息工程大学,5,供应链管理,历,567.0,566,10169.0,202,,,2.0,
2023,10300,南京信息工程大学,7,法学,历,566.0,566,10169.0,202,,,2.0,
2023,10300,南京信息工程大学,3,国际经济与贸易,历,561.0,560,11897.0,202,,,2.0,
2023,10300,南京信息工程大学,8,行政管理,历,565.0,558,12516.0,202,,,3.0,
2023,10300,南京信息工程大学,4,工商管理类,历,564.0,558,12516.0,202,,,3.0,会计学、财务管理、人力资源管理
2023,10151,大连海事大学,8,英语,历,571.0,568,9759.0,201,,,3.0,
2023,10151,大连海事大学,9,日语,历,570.0,567,10039.0,201,,,3.0,
2023,10151,大连海事大学,7,法学,历,600.0,597,3810.0,202,,,3.0,
2023,10151,大连海事大学,5,经济学类,历,586.0,575,7974.0,202,,,4.0,经济学、国际经济与贸易
2023,10151,大连海事大学,6,公共管理类,历,578.0,573,8454.0,202,,,3.0,公共事业管理、行政管理、社会工作
2023,10151,大连海事大学,4,工商管理类,历,587.0,572,8692.0,202,,,6.0,工商管理、旅游管理、财务管理
2023,10574,华南师范大学,5,汉语言文学(师范),历,622.0,599,3454.0,201,,,287.0,普师
2023,10574,华南师范大学,1,特殊教育(师范),历,597.0,595,4051.0,201,,,3.0,普师
2023,10574,华南师范大学,3,历史学(师范),历,627.0,593,4435.0,201,,,116.0,普师
2023,10574,华南师范大学,4,英语(师范),历,620.0,591,4682.0,201,,,127.0,普师
2023,10574,华南师范大学,2,教育学(师范),历,601.0,591,4691.0,201,,,23.0,普师
2023,10574,华南师范大学,6,学前教育(师范),历,597.0,591,4697.0,201,,,6.0,普师
2023,10574,华南师范大学,7,思想政治教育(师范),历+政,612.0,595,3961.0,202,,,79.0,普师
2023,10574,华南师范大学,8,地理科学(师范),历+化/地,618.0,597,3735.0,203,,,23.0,普师
2023,10574,华南师范大学,23,经济学,历,599.0,594,4120.0,204,,,11.0,
2023,10574,华南师范大学,33,法学,历,608.0,594,4159.0,204,,,91.0,
2023,10574,华南师范大学,24,金融学,历,597.0,593,4265.0,204,,,8.0,
2023,10574,华南师范大学,26,会计学,历,600.0,592,4474.0,204,,,20.0,
2023,10574,华南师范大学,32,新闻学,历,600.0,592,4538.0,204,,,14.0,
2023,10574,华南师范大学,31,传播学,历,598.0,591,4720.0,204,,,16.0,
2023,10574,华南师范大学,27,财务管理,历,594.0,591,4721.0,204,,,16.0,
2023,10574,华南师范大学,12,英语,历,599.0,591,4749.0,204,,,20.0,
2023,10574,华南师范大学,25,国际经济与贸易,历,593.0,590,4889.0,204,,,20.0,
2023,10574,华南师范大学,14,行政管理,历,595.0,590,4922.0,204,,,13.0,
2023,10574,华南师范大学,28,人力资源管理,历,594.0,589,5023.0,204,,,16.0,
2023,10574,华南师范大学,10,翻译,历,596.0,588,5207.0,204,,,18.0,
2023,10574,华南师范大学,15,公共事业管理,历,594.0,587,5335.0,204,,,19.0,
2023,10574,华南师范大学,13,社会工作,历,593.0,587,5361.0,204,,,10.0,
2023,10574,华南师范大学,9,日语,历,594.0,583,6219.0,204,,,21.0,
2023,10574,华南师范大学,30,电子商务,历,592.0,582,6305.0,204,,,25.0,
2023,10574,华南师范大学,21,酒店管理,历,586.0,582,6337.0,204,,,10.0,
2023,10574,华南师范大学,20,旅游管理,历,592.0,581,6446.0,204,,,27.0,
2023,10574,华南师范大学,11,俄语,历,590.0,581,6501.0,204,,,8.0,
2023,10574,华南师范大学,29,物流管理,历,594.0,580,6674.0,204,,,26.0,
2023,10574,华南师范大学,22,会展经济与管理,历,591.0,580,6737.0,204,,,36.0,
2023,10574,华南师范大学,34,网络与新媒体,历,590.0,580,6764.0,204,,,92.0,
2023,10574,华南师范大学,35,文化产业管理,历,592.0,580,6770.0,204,,,33.0,
2023,10574,华南师范大学,18,政治学与行政学,历+政,599.0,593,4334.0,205,,,12.0,
2023,10574,华南师范大学,16,马克思主义理论,历+政,609.0,591,4716.0,205,,,50.0,
2023,10574,华南师范大学,17,哲学,历+政,599.0,589,5080.0,205,,,38.0,
2023,10574,华南师范大学,19,人文地理与城乡规划,历+化/地,596.0,594,4211.0,206,,,7.0,
2023,10574,华南师范大学,42,金融学(中外合作办学),历,581.0,570,9128.0,209,,,30.0,中外合作
2023,10574,华南师范大学,44,财务管理,历,588.0,567,9864.0,210,,,40.0,中外联合培养创新班
2023,10574,华南师范大学,43,网络与新媒体,历,581.0,564,10685.0,210,,,50.0,中外联合培养创新班
2023,10574,华南师范大学,45,法语,历,585.0,564,10763.0,210,,,30.0,中外联合培养创新班
2023,10032,北京语言大学,2,西班牙语,历,593.0,593,4436.0,101,,,1.0,
2023,10032,北京语言大学,1,德语,历,593.0,593,4436.0,101,,,1.0,
2023,10032,北京语言大学,6,葡萄牙语,历,592.0,592,4622.0,101,,,1.0,
2023,10032,北京语言大学,3,阿拉伯语,历,591.0,591,4772.0,101,,,1.0,
2023,10032,北京语言大学,4,日语(日英复语),历,586.0,586,5662.0,101,,,1.0,
2023,10032,北京语言大学,5,日语,历,585.0,585,5850.0,101,,,1.0,
2023,10032,北京语言大学,21,翻译(英语),历,585.0,585,5850.0,201,,,1.0,
2023,10032,北京语言大学,20,外国语言文学类,历,585.0,581,6642.0,201,,,3.0,英语、英语(英西复语)、商务英语
2023,10032,北京语言大学,17,汉语言文学,历,585.0,585,5850.0,202,,,2.0,
2023,10032,北京语言大学,18,汉语国际教育,历,584.0,584,6046.0,202,,,1.0,
2023,10032,北京语言大学,16,特殊教育,历,583.0,581,6642.0,202,,,1.0,培养言语听觉科学人才
2023,10032,北京语言大学,14,国际经济与贸易,历,581.0,581,6642.0,202,,,1.0,
2023,10032,北京语言大学,13,金融学,历,580.0,580,6825.0,202,,,1.0,
2023,10032,北京语言大学,22,会计学,历,579.0,579,7063.0,202,,,1.0,
2023,10032,北京语言大学,19,古典文献学,历,579.0,579,7063.0,202,,,1.0,
2023,10032,北京语言大学,15,国际事务与国际关系,历+政,603.0,603,3017.0,203,,,1.0,
2023,10043,北京体育大学,1,教育学,历,601.0,601,3206.0,201,,,1.0,
2023,10043,北京体育大学,8,汉语言文学,历,588.0,588,5179.0,201,,,1.0,
2023,10043,北京体育大学,10,法语,历,579.0,579,6945.0,201,,,1.0,
2023,10043,北京体育大学,2,英语,历,576.0,576,7615.0,201,,,1.0,
2023,10043,北京体育大学,3,新闻学,历,574.0,574,8097.0,201,,,1.0,
2023,10043,北京体育大学,4,网络与新媒体,历,574.0,574,8097.0,201,,,1.0,
2023,10043,北京体育大学,7,旅游管理,历,573.0,573,8337.0,201,,,1.0,
2023,10043,北京体育大学,9,俄语,历,573.0,573,8337.0,201,,,1.0,
2023,10043,北京体育大学,11,休闲体育(中外合作办学),历,579.0,515,30805.0,208,,,2.0,中外合作，与加拿大阿尔伯塔大学中外合作办学项目
2023,10043,北京体育大学,12,旅游管理(中外合作办学),历,517.0,501,39084.0,208,,,2.0,中外合作，与加拿大阿尔伯塔大学中外合作办学项目
2023,10043,北京体育大学,5,体育经济与管理,历,573.0,572,8574.0,211,,,2.0,
2023,10043,北京体育大学,6,公共事业管理,历,571.0,571,8825.0,211,,,1.0,
2023,80002,华南师范大学(汕尾校区),156,小学教育(师范),历,593.0,578,7142.0,201,,,42.0,普师
2023,80002,华南师范大学(汕尾校区),160,学前教育(师范),历,578.0,576,7686.0,201,,,21.0,普师
2023,80002,华南师范大学(汕尾校区),155,金融科技,历,596.0,573,8310.0,202,,,40.0,
2023,19004,北京交通大学(威海校区),1,工商管理(中外合作办学),历,583.0,574,8097.0,203,,,3.0,中外合作
2023,10589,海南大学,15,英语,历,577.0,576,7734.0,201,,,2.0,
2023,10589,海南大学,17,俄语,历,575.0,575,7974.0,201,,,1.0,
2023,10589,海南大学,16,日语,历,574.0,574,8218.0,201,,,1.0,
2023,10589,海南大学,12,汉语言文学,历,590.0,590,4944.0,202,,,1.0,
2023,10589,海南大学,10,法学,历,599.0,589,5092.0,202,,,2.0,
2023,10589,海南大学,14,戏剧影视文学,历,588.0,588,5265.0,202,,,1.0,
2023,10589,海南大学,18,会计学,历,587.0,586,5662.0,202,,,2.0,
2023,10589,海南大学,21,行政管理,历,585.0,585,5850.0,202,,,1.0,
2023,10589,海南大学,23,旅游管理类,历,584.0,584,6046.0,202,,,2.0,旅游管理、酒店管理、会展经济与管理
2023,10589,海南大学,8,金融学,历,583.0,582,6431.0,202,,,2.0,
2023,10589,海南大学,19,工商管理,历,582.0,580,6825.0,202,,,2.0,
2023,10589,海南大学,20,农林经济管理,历,584.0,579,7063.0,202,,,2.0,
2023,10589,海南大学,9,国际经济与贸易,历,580.0,579,7063.0,202,,,2.0,
2023,10589,海南大学,13,传播学,历,589.0,578,7284.0,202,,,2.0,
2023,10589,海南大学,11,思想政治教育,历+政,593.0,593,4436.0,204,,,1.0,
2023,10589,海南大学,25,行政管理(中外合作办学),历,550.0,541,18846.0,211,,,4.0,中外合作
2023,10589,海南大学,22,会展经济与管理(中外合作办学),历,547.0,540,19275.0,211,,,3.0,中外合作
2023,10589,海南大学,26,酒店管理(中外合作办学),历,537.0,533,22321.0,211,,,6.0,中外合作
2023,10589,海南大学,24,人文地理与城乡规划(中外合作办学),历+化/地,544.0,541,18846.0,212,,,3.0,中外合作
2023,10175,中国刑事警察学院,5,经济犯罪侦查(男),历+政,559.0,552,14469.0,101,,,6.0,
2023,10175,中国刑事警察学院,1,治安学(男),历+政,557.0,545,17019.0,101,,,8.0,
2023,10175,中国刑事警察学院,2,侦查学(男),历+政,559.0,543,17807.0,101,,,11.0,
2023,10175,中国刑事警察学院,6,公安情报学(男),历+政,549.0,529,23836.0,101,,,11.0,
2023,10175,中国刑事警察学院,3,禁毒学(男),历+政,538.0,528,24293.0,101,,,7.0,
2023,10175,中国刑事警察学院,4,警犬技术(男),历+政,535.0,526,25244.0,101,,,6.0,
2023,10175,中国刑事警察学院,13,经济犯罪侦查(女),历+政,610.0,610,2212.0,105,,,1.0,
2023,10175,中国刑事警察学院,9,治安学(女),历+政,607.0,607,2514.0,105,,,1.0,
2023,10175,中国刑事警察学院,10,侦查学(女),历+政,614.0,605,2735.0,105,,,3.0,
2023,10175,中国刑事警察学院,11,禁毒学(女),历+政,602.0,602,3081.0,105,,,1.0,
2023,10175,中国刑事警察学院,14,公安情报学(女),历+政,606.0,599,3464.0,105,,,2.0,
2023,10175,中国刑事警察学院,12,警犬技术(女),历+政,596.0,594,4185.0,105,,,2.0,
2023,10200,东北师范大学,2,汉语言文学(国家公费师范生),历,,608,2415.0,101,,,3.0,公师
2023,10200,东北师范大学,1,思想政治教育(国家公费师范生),历+政,,610,2212.0,102,,,1.0,公师
2023,10200,东北师范大学,11,英语(师范),历,,598,3605.0,201,,,2.0,普师
2023,10200,东北师范大学,9,汉语言文学(师范),历,,606,2619.0,202,,,1.0,普师
2023,10200,东北师范大学,10,历史学(师范),历,,603,2956.0,202,,,1.0,普师
2023,10200,东北师范大学,13,经济学类,历,,596,3883.0,202,,,2.0,金融学、会计学、人力资源管理、经济学、市场营销
2023,10200,东北师范大学,12,日语(师范),历,,593,4351.0,202,,,2.0,普师
2023,10200,东北师范大学,14,马克思主义理论类,历+政,,597,3746.0,203,,,2.0,思想政治教育、社会学、哲学
2023,10200,东北师范大学,15,法学,历+政,,594,4185.0,203,,,2.0,
2023,10022,北京林业大学,19,农林经济管理(梁希实验班),历,602.0,602,3144.0,201,,,1.0,
2023,10022,北京林业大学,23,风景园林(梁希实验班),历,596.0,596,3954.0,201,,,1.0,
2023,10022,北京林业大学,20,法学,历,597.0,594,4264.0,201,,,2.0,
2023,10022,北京林业大学,12,食品科学与工程,历,595.0,591,4772.0,201,,,2.0,
2023,10022,北京林业大学,13,风景园林,历,594.0,589,5092.0,201,,,2.0,
2023,10022,北京林业大学,14,园林,历,588.0,586,5662.0,201,,,2.0,
2023,10022,北京林业大学,15,城乡规划(5年),历,586.0,586,5662.0,201,,,1.0,
2023,10022,北京林业大学,21,英语,历,593.0,581,6642.0,201,,,2.0,
2023,10022,北京林业大学,16,国际经济与贸易,历,584.0,580,6825.0,201,,,2.0,
2023,10022,北京林业大学,17,统计学,历,591.0,579,7063.0,201,,,2.0,
2023,10022,北京林业大学,18,工商管理类,历,582.0,578,7284.0,201,,,4.0,会计学、工商管理、市场营销、人力资源管理、物业管理
2023,10022,北京林业大学,22,商务英语,历,577.0,577,7495.0,201,,,1.0,
2023,10022,北京林业大学,11,自然地理与资源环境,历+化/地,592.0,592,4622.0,202,,,3.0,
2023,12121,南方医科大学,30,中医学(名老中医传承班)(5年),历,605.0,593,4351.0,205,,,12.0,
2023,12121,南方医科大学,31,中医学(5年),历,592.0,579,6945.0,205,,,48.0,
2023,12121,南方医科大学,32,针灸推拿学(5年),历,592.0,574,8097.0,205,,,30.0,
2023,12121,南方医科大学,33,法学,历,576.0,560,11897.0,205,,,16.0,卫生法学方向
2023,12121,南方医科大学,34,应用心理学,历,579.0,555,13449.0,205,,,29.0,
2023,12121,南方医科大学,35,公共事业管理,历,570.0,555,13449.0,205,,,18.0,
2023,12121,南方医科大学,36,健康服务与管理,历,572.0,555,13449.0,205,,,16.0,
2023,10673,云南大学,6,汉语言文学,历,594.0,588,5093.0,201,,,5.0,
2023,10673,云南大学,5,法学,历,592.0,587,5266.0,201,,,3.0,
2023,10673,云南大学,11,档案学,历,587.0,587,5266.0,201,,,1.0,
2023,10673,云南大学,9,历史学,历,586.0,586,5465.0,201,,,1.0,
2023,10673,云南大学,7,英语,历,586.0,585,5663.0,201,,,2.0,
2023,10673,云南大学,4,经济学类,历,585.0,580,6643.0,201,,,2.0,经济学、财政学、金融学、国际经济与贸易
2023,10673,云南大学,10,工商管理类,历,583.0,579,6826.0,201,,,3.0,工商管理、财务管理、会计学、人力资源管理、物流管理、旅游管理
2023,10673,云南大学,8,广播电视学,历+政,579.0,579,6826.0,202,,,1.0,
2023,10657,贵州大学,31,汉语言文学,历,,581,6537.0,201,,,2.0,
2023,10657,贵州大学,29,英语,历,,579,6945.0,201,,,2.0,
2023,10657,贵州大学,30,工商管理类,历,,573,8337.0,207,,,2.0,工商管理、市场营销、会计学、财务管理、人力资源管理
2023,11646,宁波大学,3,法学类,历,598.0,588,5179.0,201,,,2.0,法学、法学(英语特色班)
2023,11646,宁波大学,4,英语,历,584.0,575,7855.0,205,,,3.0,
2023,10315,南京中医药大学,1,护理学,历,564.0,552,14469.0,201,,,4.0,
2023,10264,上海海洋大学,3,会计学,历,,554,13949.0,201,,,4.0,
2023,10264,上海海洋大学,2,国际经济与贸易,历,,553,14282.0,201,,,3.0,
2023,10264,上海海洋大学,4,文化产业管理,历,,552,14654.0,201,,,4.0,
2023,10264,上海海洋大学,1,金融学,历,,551,14996.0,201,,,4.0,
2023,10264,上海海洋大学,5,市场营销(中外合作办学),历,,530,23611.0,203,,,10.0,中外合作
2023,10749,宁夏大学,28,汉语言文学,历,571.0,566,10297.0,201,,,2.0,培养文秘人才
2023,10749,宁夏大学,29,法学,历,567.0,565,10591.0,201,,,2.0,
2023,19635,西南大学(荣昌校区),3,物流管理,历,575.0,575,7855.0,201,,,1.0,
2023,19635,西南大学(荣昌校区),2,国际经济与贸易,历,574.0,574,8097.0,201,,,2.0,
2023,19635,西南大学(荣昌校区),1,市场营销,历,574.0,574,8097.0,201,,,2.0,
2023,11664,西安邮电大学,6,网络与新媒体,历,544.0,534,21620.0,202,,,2.0,
2023,11664,西安邮电大学,7,电子商务,历,531.0,531,22957.0,202,,,2.0,
2023,11664,西安邮电大学,3,工业工程,历,531.0,530,23399.0,202,,,3.0,
2023,11664,西安邮电大学,2,金融工程,历,530.0,529,23836.0,202,,,2.0,
2023,11664,西安邮电大学,5,行政管理,历,528.0,528,24293.0,202,,,1.0,
2023,11664,西安邮电大学,8,物流管理,历,526.0,526,25244.0,202,,,1.0,
2023,11664,西安邮电大学,4,国际经济与贸易,历,531.0,526,25244.0,202,,,2.0,
2023,10225,东北林业大学,3,法学,历,575.0,570,9219.0,201,,,2.0,
2023,10225,东北林业大学,4,广告学,历,567.0,567,10039.0,201,,,1.0,
2023,10225,东北林业大学,2,工商管理类,历,568.0,564,10879.0,201,,,2.0,工商管理、市场营销、会计学、农林经济管理
2023,10184,延边大学,1,朝鲜语,历,549.0,548,15907.0,201,,,2.0,
2023,10299,江苏大学,2,金融学,历,574.0,574,8097.0,201,,,1.0,
2023,10299,江苏大学,1,汉语言文学(师范),历,573.0,573,8337.0,201,,,1.0,普师
2023,10299,江苏大学,3,知识产权,历,572.0,572,8574.0,201,,,2.0,
2023,11276,南京工程学院,1,国际经济与贸易,历,528.0,524,26204.0,201,,,2.0,
2023,11276,南京工程学院,2,社会工作,历,530.0,523,26696.0,201,,,2.0,
2023,80003,广东工业大学(揭阳校区),105,电子商务,历,542.0,524,25975.0,251,,,74.0,
2023,14655,深圳技术大学,35,交通运输,历+化,567.0,549,15409.0,206,,,3.0,
2023,14655,深圳技术大学,38,财务管理,历,570.0,553,14050.0,207,,,26.0,
2023,14655,深圳技术大学,37,国际商务,历,565.0,547,16147.0,207,,,50.0,
2023,14655,深圳技术大学,39,市场营销,历,552.0,543,17700.0,207,,,28.0,
2023,14655,深圳技术大学,42,英语,历,562.0,541,18699.0,207,,,53.0,
2023,14655,深圳技术大学,36,物流管理,历,572.0,540,18887.0,207,,,68.0,
2023,14655,深圳技术大学,41,商务英语,历,559.0,540,19150.0,207,,,49.0,
2023,14655,深圳技术大学,40,德语,历,550.0,540,19159.0,207,,,25.0,
2023,10564,华南农业大学,201,思想政治教育,历+政,585.0,569,9391.0,201,,,70.0,
2023,10564,华南农业大学,202,农林经济管理(丁颖创新班),历,589.0,580,6646.0,202,,,10.0,
2023,10564,华南农业大学,203,农林经济管理(乡村振兴),历,580.0,575,7911.0,202,,,15.0,
2023,10564,华南农业大学,213,法学,历,588.0,573,8398.0,202,,,162.0,
2023,10564,华南农业大学,214,汉语言文学,历,597.0,572,8646.0,202,,,200.0,
2023,10564,华南农业大学,205,会计学,历,589.0,571,8742.0,202,,,35.0,
2023,10564,华南农业大学,207,金融学,历,582.0,570,9053.0,202,,,36.0,
2023,10564,华南农业大学,226,风景园林,历,587.0,570,9203.0,202,,,20.0,
2023,10564,华南农业大学,215,历史学,历,581.0,568,9522.0,202,,,85.0,
2023,10564,华南农业大学,208,经济学,历,579.0,568,9559.0,202,,,35.0,
2023,10564,华南农业大学,209,国际经济与贸易,历,575.0,567,9811.0,202,,,30.0,
2023,10564,华南农业大学,224,城乡规划,历,574.0,565,10573.0,202,,,50.0,
2023,10564,华南农业大学,228,建筑学(5年),历,581.0,564,10864.0,202,,,10.0,
2023,10564,华南农业大学,204,会计学,历,582.0,563,11155.0,202,,,65.0,创新实验班ACCA
2023,10564,华南农业大学,225,城乡规划(乡村振兴),历,569.0,562,11282.0,202,,,25.0,
2023,10564,华南农业大学,210,工商管理,历,572.0,561,11561.0,202,,,55.0,
2023,10564,华南农业大学,221,土地资源管理,历,570.0,559,12111.0,202,,,70.0,
2023,10564,华南农业大学,227,园林,历,572.0,556,13078.0,202,,,68.0,
2023,10564,华南农业大学,206,金融学,历,577.0,554,13633.0,202,,,60.0,创新实验班CFA
2023,10564,华南农业大学,212,人力资源管理,历,571.0,552,14320.0,202,,,67.0,
2023,10564,华南农业大学,220,公共事业管理,历,572.0,550,15126.0,202,,,65.0,
2023,10564,华南农业大学,211,市场营销,历,571.0,550,15225.0,202,,,67.0,
2023,10564,华南农业大学,218,行政管理,历,574.0,550,15296.0,202,,,150.0,
2023,10564,华南农业大学,222,社会工作,历,591.0,550,15301.0,202,,,95.0,
2023,10564,华南农业大学,217,日语,历,571.0,550,15323.0,202,,,55.0,
2023,10564,华南农业大学,223,旅游管理,历,568.0,550,15324.0,202,,,31.0,
2023,10564,华南农业大学,219,劳动与社会保障,历,571.0,550,15342.0,202,,,80.0,
2023,10564,华南农业大学,216,英语,历,576.0,550,15345.0,202,,,340.0,
2023,10564,华南农业大学,229,茶学,历+化/生,573.0,564,10816.0,203,,,7.0,
2023,10564,华南农业大学,230,食品质量与安全(中外合作办学),历,571.0,564,10839.0,204,,,2.0,中外合作
2023,10564,华南农业大学,231,风景园林,历,553.0,525,25584.0,205,,,40.0,国际班
2023,10564,华南农业大学,232,会计学,历,553.0,522,27039.0,205,,,92.0,国际班
2023,10564,华南农业大学,233,金融学,历,559.0,521,27649.0,205,,,77.0,国际班
2023,10108,山西大学,4,英语,历,551.0,550,15361.0,201,,,2.0,
2023,10108,山西大学,2,哲学类,历,571.0,571,8956.0,202,,,1.0,哲学、伦理学
2023,10108,山西大学,1,汉语言文学,历,566.0,564,10879.0,202,,,3.0,
2023,10108,山西大学,3,政治学类,历+政,560.0,558,12670.0,203,,,3.0,行政管理、国际政治、政治学与行政学
2023,10108,山西大学,5,考古学,历,577.0,577,7495.0,206,,,1.0,
2023,11810,海南医学院,1,健康服务与管理,历+政,504.0,498,41391.0,201,,,3.0,
2023,10356,中国计量大学,1,工商管理类,历,557.0,555,13449.0,201,,,3.0,工商管理、财务管理、市场营销
2023,10356,中国计量大学,2,标准化工程,历,552.0,551,14826.0,201,,,3.0,
2023,10173,东北财经大学,9,商务英语,历,573.0,573,8337.0,201,,,1.0,
2023,10173,东北财经大学,6,金融科技,历,588.0,588,5179.0,202,,,1.0,
2023,10173,东北财经大学,8,法学,历,577.0,577,7390.0,202,,,1.0,
2023,10173,东北财经大学,4,金融学类,历,572.0,572,8574.0,202,,,1.0,金融学、金融工程、投资学、保险学
2023,10173,东北财经大学,11,工商管理类,历,568.0,568,9624.0,202,,,1.0,会计学、财务管理、资产评估
2023,10173,东北财经大学,5,金融数学,历,564.0,564,10736.0,202,,,1.0,
2023,10173,东北财经大学,1,经济学,历,564.0,564,10736.0,202,,,1.0,
2023,10173,东北财经大学,2,经济统计学,历,561.0,561,11589.0,202,,,1.0,
2023,10173,东北财经大学,12,电子商务,历,561.0,561,11589.0,202,,,1.0,
2023,10173,东北财经大学,7,国际经济与贸易,历,559.0,559,12208.0,202,,,1.0,
2023,10173,东北财经大学,10,工商管理类,历,558.0,558,12516.0,202,,,1.0,工商管理、市场营销、人力资源管理
2023,10173,东北财经大学,3,财政学类,历,558.0,558,12516.0,202,,,1.0,财政学、税收学
2023,10173,东北财经大学,16,会计学(中外合作办学),历,570.0,544,17406.0,205,,,4.0,中外合作，与英国奥斯特大学合作办学
2023,10173,东北财经大学,17,会计学(中外合作办学),历,558.0,540,19061.0,205,,,3.0,中外合作，与澳大利亚科廷大学合作办学
2023,10173,东北财经大学,14,经济学(中外合作办学),历,532.0,532,22525.0,205,,,1.0,中外合作
2023,10173,东北财经大学,15,金融学(中外合作办学),历,555.0,528,24293.0,205,,,4.0,中外合作
2023,10173,东北财经大学,13,财务管理(中外合作办学),历,563.0,557,12840.0,207,,,2.0,中外合作
2023,10039,中国消防救援学院,1,思想政治教育(森林消防),历+政,556.0,556,13158.0,101,,,1.0,军检男
2023,10615,西南石油大学,31,会计学,历,572.0,558,12516.0,201,,,2.0,
2023,10615,西南石油大学,30,经济学,历,555.0,549,15543.0,201,,,2.0,
2023,10615,西南石油大学,35,英语,历,561.0,547,16280.0,202,,,2.0,
2023,10615,西南石油大学,36,俄语,历,544.0,543,17807.0,203,,,2.0,
2023,10615,西南石油大学,33,法学,历,567.0,565,10445.0,204,,,2.0,
2023,10615,西南石油大学,32,社会工作,历,562.0,560,11897.0,204,,,2.0,
2023,10615,西南石油大学,34,思想政治教育,历+政,567.0,559,12208.0,205,,,4.0,
2023,10254,上海海事大学,7,交通管理(国航),历,583.0,583,6141.0,201,,,2.0,
2023,10254,上海海事大学,3,法学,历,585.0,577,7390.0,201,,,2.0,培养海商法人才
2023,10254,上海海事大学,4,经济学类,历,575.0,553,14116.0,201,,,4.0,经济学(海运与物流经济)、国际经济与贸易、金融学(海运金融)、会计学、会计学(国际会计)、会计学(管理会计)、会计学(AC-CA)、财务管理、工商管理、旅游管理、供应链管理
2023,10254,上海海事大学,5,外国语言文学类,历,575.0,551,14826.0,201,,,8.0,翻译、商务英语、英语
2023,10254,上海海事大学,6,日语,历,565.0,551,14826.0,201,,,4.0,
2023,10634,川北医学院,1,英语,历,530.0,493,44382.0,201,,,5.0,
2023,10634,川北医学院,2,中西医临床医学(5年),历+化/生,540.0,534,21620.0,202,,,5.0,
2023,10216,燕山大学,3,外国语言文学类(英语),历,535.0,534,21620.0,201,,,2.0,英语、翻译
2023,10216,燕山大学,4,日语,历,532.0,520,28157.0,201,,,2.0,
2023,10216,燕山大学,1,经济与金融,历,589.0,540,19061.0,202,,,4.0,
2023,10216,燕山大学,2,法学,历,543.0,540,19061.0,202,,,2.0,
2023,11482,浙江财经大学,8,金融学类,历,563.0,563,11023.0,201,,,2.0,金融学、信用管理、金融工程、保险学、投资学
2023,11482,浙江财经大学,9,经济与贸易类,历,558.0,558,12516.0,201,,,1.0,国际经济与贸易、经济学、数字经济
2023,11482,浙江财经大学,6,工商管理类,历,570.0,556,13158.0,201,,,3.0,会计学、财务管理、审计学、资产评估
2023,11482,浙江财经大学,7,会计学(中外合作办学),历,549.0,549,15543.0,203,,,1.0,中外合作
2023,11845,广东工业大学,2,日语,历,546.0,536,20557.0,200,,,20.0,
2023,11845,广东工业大学,6,土地资源管理,历,552.0,542,18277.0,201,,,20.0,创新班
2023,11845,广东工业大学,7,土地资源管理,历,546.0,537,20513.0,201,,,25.0,
2023,11845,广东工业大学,4,会计学,历,556.0,540,18988.0,202,,,86.0,
2023,11845,广东工业大学,5,电子商务,历,549.0,532,22528.0,202,,,65.0,
2023,11845,广东工业大学,3,工商管理类,历,557.0,532,22542.0,202,,,193.0,工商管理、市场营销、会计学、人力资源管理
2023,11845,广东工业大学,8,法学,历,579.0,548,15922.0,203,,,114.0,
2023,11845,广东工业大学,9,社会工作,历,558.0,548,16034.0,203,,,12.0,
2023,11845,广东工业大学,10,经济学,历,553.0,541,18632.0,204,,,32.0,
2023,11845,广东工业大学,11,金融工程,历,562.0,535,21263.0,204,,,100.0,
2023,11845,广东工业大学,12,国际经济与贸易,历,549.0,534,21394.0,204,,,61.0,
2023,11845,广东工业大学,261,工商管理,历,539.0,515,30549.0,261,,,59.0,国际班
2023,11845,广东工业大学,1,外国语言文学类,历,558.0,532,22485.0,282,,,177.0,英语、翻译、商务英语
2023,10570,广州医科大学,24,预防医学(5年),历+化/生,,575,7781.0,207,,,2.0,
2023,10570,广州医科大学,25,临床药学(5年),历+化/生,,573,8418.0,207,,,2.0,
2023,10570,广州医科大学,23,中西医临床医学(5年),历+化/生,,569,9296.0,207,,,20.0,
2023,10570,广州医科大学,21,药学,历+化/生,,569,9358.0,207,,,3.0,
2023,10570,广州医科大学,26,食品卫生与营养学,历+化/生,,569,9431.0,207,,,2.0,
2023,10570,广州医科大学,20,医学检验技术,历+化,,558,12394.0,208,,,5.0,
2023,10570,广州医科大学,22,医学技术类,历+化,,543,17915.0,208,,,15.0,康复治疗学、康复物理治疗、康复作业治疗
2023,10570,广州医科大学,30,法学,历,,555,13551.0,209,,,16.0,
2023,10570,广州医科大学,28,应用心理学,历,,552,14619.0,209,,,16.0,
2023,10570,广州医科大学,27,护理学,历,,550,15052.0,209,,,16.0,
2023,10570,广州医科大学,29,公共事业管理,历,,546,16578.0,209,,,26.0,
2023,10394,福建师范大学,8,历史学(师范),历,588.0,563,11023.0,202,,,3.0,普师
2023,10394,福建师范大学,2,新闻传播学类,历,562.0,549,15543.0,202,,,2.0,广播电视学、网络与新媒体、网络与新媒体
2023,10394,福建师范大学,3,西班牙语,历,550.0,547,16280.0,202,,,3.0,
2023,10394,福建师范大学,6,教育学(师范),历,560.0,544,17406.0,202,,,4.0,普师
2023,10394,福建师范大学,4,文化产业管理,历,552.0,539,19486.0,202,,,4.0,
2023,10394,福建师范大学,1,工商管理类,历,540.0,537,20319.0,202,,,5.0,工商管理、财务管理、财务管理
2023,10394,福建师范大学,5,旅游管理类,历,563.0,536,20734.0,202,,,5.0,旅游管理、酒店管理、会展经济与管理
2023,10394,福建师范大学,7,学前教育(师范),历,549.0,535,21161.0,202,,,4.0,普师
2023,10394,福建师范大学,12,学前教育(中外合作办学)(师范),历,533.0,519,28653.0,208,,,6.0,普师
2023,10394,福建师范大学,9,英语(师范),历,575.0,574,8097.0,212,,,4.0,普师
2023,10394,福建师范大学,10,汉语国际教育(师范),历,582.0,577,7390.0,213,,,4.0,普师
2023,10394,福建师范大学,11,汉语言文学(师范),历,587.0,584,5949.0,214,,,3.0,普师，国家人才培养基地
2023,11047,上海立信会计金融学院,3,会计学,历,549.0,549,15543.0,201,,,1.0,
2023,11047,上海立信会计金融学院,4,资产评估,历,547.0,547,16280.0,201,,,1.0,
2023,11047,上海立信会计金融学院,6,法学,历,543.0,543,17807.0,201,,,1.0,
2023,11047,上海立信会计金融学院,7,金融学,历,541.0,541,18638.0,201,,,1.0,
2023,11047,上海立信会计金融学院,9,国际经济与贸易,历,545.0,538,19903.0,201,,,2.0,
2023,11047,上海立信会计金融学院,5,行政管理,历,538.0,538,19903.0,201,,,1.0,
2023,11047,上海立信会计金融学院,8,工商管理,历,538.0,538,19903.0,201,,,1.0,
2023,10277,上海体育大学,2,英语,历,543.0,542,18221.0,201,,,2.0,
2023,10277,上海体育大学,1,新闻学,历,560.0,559,12208.0,202,,,2.0,
2023,10277,上海体育大学,3,汉语国际教育,历,557.0,554,13771.0,202,,,2.0,
2023,10277,上海体育大学,4,工商管理类,历,550.0,546,16648.0,202,,,4.0,市场营销、体育经济与管理
2023,10755,新疆大学,5,俄语,历,539.0,539,19486.0,201,,,1.0,
2023,10755,新疆大学,2,法学,历,563.0,563,11023.0,202,,,1.0,
2023,10755,新疆大学,3,汉语言文学,历,563.0,563,11023.0,202,,,1.0,
2023,10755,新疆大学,1,行政管理,历,553.0,553,14116.0,202,,,1.0,
2023,10755,新疆大学,4,新闻传播学类,历,552.0,552,14469.0,202,,,1.0,广告学、新闻学
2023,10059,中国民航大学,8,应用心理学,历,563.0,563,11165.0,201,,,1.0,
2023,10059,中国民航大学,6,法学,历,563.0,563,11165.0,201,,,1.0,培养航空法人才
2023,10059,中国民航大学,9,翻译,历,551.0,551,14996.0,201,,,1.0,
2023,10059,中国民航大学,7,英语,历,561.0,549,15723.0,201,,,5.0,培养民航外语人才
2023,10059,中国民航大学,10,思想政治教育,历+政,547.0,547,16469.0,203,,,1.0,
2023,10572,广州中医药大学,22,中医学(本博连读)(9年),历+化/生,653.0,642,407.0,209,,,2.0,
2023,10572,广州中医药大学,23,中医学(5+3一体化)(5年),历+化/生,639.0,612,1998.0,209,,,10.0,
2023,10572,广州中医药大学,24,中医学(本硕儿科一体化)(5年),历+化/生,611.0,609,2302.0,209,,,4.0,
2023,10572,广州中医药大学,25,中医学(5年),历+化/生,607.0,592,4463.0,210,,,20.0,
2023,10572,广州中医药大学,26,中西医临床医学(5年),历+化/生,602.0,590,4802.0,210,,,3.0,
2023,10572,广州中医药大学,27,针灸推拿学(5年),历+化/生,592.0,586,5603.0,210,,,7.0,
2023,10572,广州中医药大学,28,中医养生学(5年),历+化/生,591.0,585,5806.0,210,,,5.0,
2023,10572,广州中医药大学,29,应用心理学,历,570.0,548,15831.0,211,,,9.0,
2023,10572,广州中医药大学,32,护理学,历,566.0,542,18138.0,211,,,31.0,
2023,10572,广州中医药大学,161,助产学,历,555.0,541,18692.0,211,,,13.0,
2023,10572,广州中医药大学,31,健康服务与管理,历,550.0,540,19197.0,211,,,21.0,
2023,10572,广州中医药大学,30,公共事业管理,历,554.0,540,19202.0,211,,,20.0,
2023,10289,江苏科技大学,1,外国语言文学类,历,534.0,531,23185.0,201,,,3.0,英语、翻译
2023,10289,江苏科技大学,2,旅游管理,历,528.0,524,26439.0,202,,,2.0,
2023,10370,安徽师范大学,1,汉语言文学(师范),历,545.0,545,17019.0,201,,,2.0,普师
2023,10370,安徽师范大学,2,法学,历,545.0,536,20734.0,201,,,2.0,
2023,10370,安徽师范大学,5,新闻学,历,542.0,534,21620.0,201,,,2.0,
2023,10370,安徽师范大学,3,社会学,历,535.0,529,23836.0,201,,,2.0,
2023,10370,安徽师范大学,4,旅游管理,历,526.0,526,25244.0,201,,,2.0,
2023,10126,内蒙古大学,8,英语,历,568.0,560,11897.0,201,,,2.0,
2023,10126,内蒙古大学,9,俄语,历,543.0,543,17807.0,202,,,1.0,
2023,10126,内蒙古大学,14,旅游管理,历,582.0,582,6333.0,203,,,1.0,
2023,10126,内蒙古大学,1,法学,历,574.0,574,8097.0,203,,,1.0,
2023,10126,内蒙古大学,2,纪检监察,历,569.0,569,9354.0,203,,,1.0,
2023,10126,内蒙古大学,11,历史学,历,561.0,561,11589.0,203,,,1.0,
2023,10126,内蒙古大学,4,社会工作,历,560.0,560,11897.0,203,,,1.0,
2023,10126,内蒙古大学,10,网络与新媒体,历,558.0,558,12516.0,203,,,1.0,
2023,10126,内蒙古大学,12,劳动与社会保障,历+地/政,556.0,555,13449.0,204,,,2.0,
2023,10126,内蒙古大学,5,政治学、经济学与哲学,历+政,573.0,573,8337.0,205,,,1.0,
2023,10126,内蒙古大学,6,马克思主义理论,历+政,562.0,562,11302.0,205,,,1.0,
2023,10126,内蒙古大学,3,政治学与行政学,历+政,560.0,560,11897.0,205,,,1.0,
2023,10126,内蒙古大学,7,汉语言文学,历+地,570.0,570,9088.0,206,,,2.0,
2023,10126,内蒙古大学,13,土地资源管理,历+地,568.0,568,9624.0,206,,,1.0,
2023,11075,三峡大学,3,供应链管理,历,547.0,525,25732.0,201,,,2.0,
2023,11075,三峡大学,2,投资学,历,524.0,519,28653.0,201,,,2.0,
2023,10188,东北电力大学,11,思想政治教育,历+政,524.0,519,28653.0,201,,,3.0,
2023,10224,东北农业大学,1,金融学类,历,570.0,566,10297.0,201,,,2.0,金融学、保险学、国际经济与贸易
2023,10224,东北农业大学,3,法学,历,569.0,565,10591.0,201,,,2.0,
2023,10224,东北农业大学,2,工商管理类,历,564.0,558,12670.0,209,,,5.0,工商管理、会计学、市场营销、人力资源管理
2023,11065,青岛大学,2,汉语言文学,历,555.0,554,13949.0,201,,,2.0,
2023,11065,青岛大学,6,新闻学,历,553.0,553,14282.0,201,,,1.0,
2023,11065,青岛大学,1,法学,历,551.0,550,15361.0,201,,,2.0,
2023,11065,青岛大学,4,德语,历,549.0,549,15723.0,201,,,1.0,
2023,11065,青岛大学,3,英语,历,546.0,546,16826.0,201,,,2.0,
2023,11065,青岛大学,5,法语,历,549.0,541,18846.0,201,,,3.0,
2023,11065,青岛大学,7,旅游管理,历,547.0,540,19275.0,201,,,2.0,
2023,11846,广东外语外贸大学,6,阿拉伯语,历,574.0,550,15312.0,201,,,7.0,
2023,11846,广东外语外贸大学,5,西班牙语,历,599.0,546,16711.0,201,,,32.0,
2023,11846,广东外语外贸大学,4,法语,历,582.0,546,16716.0,201,,,31.0,
2023,11846,广东外语外贸大学,1,英语,历,584.0,541,18841.0,201,,,146.0,
2023,11846,广东外语外贸大学,9,泰语,历,540.0,540,19145.0,201,,,1.0,
2023,11846,广东外语外贸大学,12,翻译,历,588.0,540,19148.0,201,,,45.0,
2023,11846,广东外语外贸大学,3,德语,历,589.0,538,19827.0,201,,,30.0,
2023,11846,广东外语外贸大学,11,意大利语,历,560.0,536,20900.0,201,,,12.0,
2023,11846,广东外语外贸大学,7,日语,历,574.0,531,22866.0,201,,,57.0,
2023,11846,广东外语外贸大学,2,俄语,历,568.0,531,23045.0,201,,,24.0,
2023,11846,广东外语外贸大学,8,朝鲜语,历,551.0,530,23363.0,201,,,16.0,
2023,11846,广东外语外贸大学,10,葡萄牙语,历,575.0,530,23501.0,201,,,19.0,
2023,11846,广东外语外贸大学,13,商务英语,历,582.0,529,23907.0,201,,,178.0,
2023,11846,广东外语外贸大学,14,汉语言文学(师范),历,593.0,582,6394.0,202,,,32.0,普师
2023,11846,广东外语外贸大学,15,汉语国际教育(师范),历,581.0,573,8383.0,202,,,32.0,普师
2023,11846,广东外语外贸大学,16,英语(师范),历,590.0,569,9451.0,202,,,195.0,普师
2023,11846,广东外语外贸大学,17,中国语言文学类,历,584.0,566,10287.0,203,,,94.0,汉语言文学、汉语言
2023,11846,广东外语外贸大学,18,新闻传播学类,历,585.0,561,11493.0,203,,,108.0,新闻学、网络与新媒体
2023,11846,广东外语外贸大学,19,经济学,历,576.0,573,8442.0,204,,,17.0,
2023,11846,广东外语外贸大学,20,经济统计学,历,578.0,570,8992.0,204,,,8.0,
2023,11846,广东外语外贸大学,21,财政学类,历,576.0,559,12324.0,204,,,39.0,财政学、税收学
2023,11846,广东外语外贸大学,23,国际经济与贸易,历,585.0,557,12893.0,204,,,91.0,
2023,11846,广东外语外贸大学,22,金融学类,历,576.0,548,15848.0,204,,,153.0,金融学、金融工程、保险学
2023,11846,广东外语外贸大学,27,工商管理类,历,583.0,551,14940.0,205,,,198.0,会计学、财务管理、审计学
2023,11846,广东外语外贸大学,29,行政管理,历,567.0,549,15412.0,205,,,6.0,培养企业行政管理、公共关系策划人才
2023,11846,广东外语外贸大学,25,工商管理,历,582.0,549,15684.0,205,,,15.0,"国际创新班,培养数字化管理人才"
2023,11846,广东外语外贸大学,30,电子商务,历,573.0,547,16239.0,205,,,15.0,
2023,11846,广东外语外贸大学,26,工商管理,历,575.0,545,16849.0,205,,,15.0,商务管理创新班;培养国际商务管理人才
2023,11846,广东外语外贸大学,28,国际商务,历,574.0,544,17230.0,205,,,34.0,
2023,11846,广东外语外贸大学,24,工商管理类,历,569.0,543,17991.0,205,,,86.0,工商管理、市场营销、人力资源管理
2023,11846,广东外语外贸大学,31,法学,历,600.0,578,7080.0,206,,,151.0,
2023,11846,广东外语外贸大学,33,应用心理学,历,578.0,578,7218.0,206,,,11.0,
2023,11846,广东外语外贸大学,32,教育学,历,578.0,577,7471.0,206,,,41.0,培养英语教育人才
2023,11846,广东外语外贸大学,34,政治学类,历+政,577.0,562,11361.0,207,,,39.0,国际政治、外交学、国际组织与全球治理
2023,11846,广东外语外贸大学,35,翻译(合作办学),历,557.0,525,25566.0,208,,,40.0,
2023,10513,湖北师范大学,1,法学,历,540.0,534,21620.0,201,,,2.0,
2023,10513,湖北师范大学,2,教育学类(师范),历,548.0,534,21620.0,201,,,2.0,普师
2023,10592,广东财经大学,106,法学,历,572.0,559,12107.0,201,,,8.0,培养数字法治人才
2023,10592,广东财经大学,105,法学,历,575.0,554,13644.0,201,,,144.0,
2023,10592,广东财经大学,135,汉语言文学,历,565.0,550,15039.0,201,,,114.0,
2023,10592,广东财经大学,107,会计学,历,570.0,550,15122.0,201,,,69.0,
2023,10592,广东财经大学,118,财政学,历,562.0,548,15852.0,201,,,40.0,
2023,10592,广东财经大学,138,网络与新媒体,历,554.0,548,15917.0,201,,,28.0,
2023,10592,广东财经大学,143,会计学,历,555.0,548,16025.0,201,,,15.0,培养智能会计人才，佛山校区
2023,10592,广东财经大学,108,审计学,历,559.0,548,16047.0,201,,,60.0,
2023,10592,广东财经大学,113,数字经济,历,555.0,547,16240.0,201,,,10.0,
2023,10592,广东财经大学,144,税收学,历,557.0,546,16537.0,201,,,5.0,培养智能税收人才，佛山校区
2023,10592,广东财经大学,131,英语,历,554.0,546,16651.0,201,,,31.0,
2023,10592,广东财经大学,110,经济统计学,历,554.0,545,16865.0,201,,,10.0,
2023,10592,广东财经大学,119,税收学,历,553.0,545,17144.0,201,,,73.0,
2023,10592,广东财经大学,117,金融科技,历,551.0,544,17419.0,201,,,5.0,
2023,10592,广东财经大学,145,财务管理,历,552.0,544,17496.0,201,,,40.0,佛山校区
2023,10592,广东财经大学,109,经济学,历,554.0,544,17546.0,201,,,38.0,
2023,10592,广东财经大学,114,金融学,历,566.0,543,17741.0,201,,,55.0,
2023,10592,广东财经大学,137,广告学,历,552.0,542,18306.0,201,,,35.0,
2023,10592,广东财经大学,136,新闻学,历,555.0,541,18808.0,201,,,70.0,
2023,10592,广东财经大学,127,文化产业管理,历,550.0,540,18982.0,201,,,15.0,
2023,10592,广东财经大学,101,工商管理,历,553.0,539,19574.0,201,,,35.0,
2023,10592,广东财经大学,139,金融学,历,545.0,538,19774.0,201,,,30.0,佛山校区
2023,10592,广东财经大学,111,国际经济与贸易,历,552.0,538,19796.0,201,,,50.0,
2023,10592,广东财经大学,122,行政管理,历,550.0,537,20207.0,201,,,37.0,
2023,10592,广东财经大学,120,资产评估,历,548.0,537,20227.0,201,,,40.0,
2023,10592,广东财经大学,134,商务英语,历,553.0,537,20265.0,201,,,30.0,
2023,10592,广东财经大学,116,投资学,历,549.0,537,20395.0,201,,,25.0,
2023,10592,广东财经大学,142,跨境电子商务,历,545.0,537,20415.0,201,,,13.0,佛山校区
2023,10592,广东财经大学,129,酒店管理,历,540.0,536,20568.0,201,,,6.0,
2023,10592,广东财经大学,140,供应链管理,历,543.0,536,20690.0,201,,,13.0,佛山校区
2023,10592,广东财经大学,148,人力资源管理,历,542.0,536,20895.0,201,,,15.0,培养人才开发与管理人才，佛山校区
2023,10592,广东财经大学,123,土地资源管理,历,549.0,536,20899.0,201,,,34.0,
2023,10592,广东财经大学,146,数字经济,历,547.0,535,20943.0,201,,,35.0,佛山校区
2023,10592,广东财经大学,115,保险学,历,544.0,535,20982.0,201,,,15.0,
2023,10592,广东财经大学,112,国际商务,历,547.0,535,21064.0,201,,,27.0,
2023,10592,广东财经大学,128,旅游管理,历,543.0,535,21084.0,201,,,15.0,
2023,10592,广东财经大学,104,创业管理,历,547.0,535,21276.0,201,,,16.0,
2023,10592,广东财经大学,121,社会工作,历,553.0,535,21378.0,201,,,32.0,
2023,10592,广东财经大学,147,人力资源管理,历,548.0,534,21425.0,201,,,40.0,佛山校区
2023,10592,广东财经大学,102,市场营销,历,548.0,534,21481.0,201,,,36.0,
2023,10592,广东财经大学,130,会展经济与管理,历,542.0,534,21489.0,201,,,16.0,
2023,10592,广东财经大学,133,翻译,历,551.0,534,21504.0,201,,,49.0,
2023,10592,广东财经大学,141,国际商务,历,541.0,534,21507.0,201,,,13.0,培养国际企业理财人才，佛山校区
2023,10592,广东财经大学,124,城市管理,历,543.0,534,21524.0,201,,,26.0,
2023,10592,广东财经大学,103,物流管理,历,554.0,534,21538.0,201,,,30.0,
2023,10592,广东财经大学,132,日语,历,550.0,534,21546.0,201,,,44.0,
2023,10592,广东财经大学,149,劳动与社会保障,历,544.0,534,21557.0,201,,,12.0,佛山校区
2023,10592,广东财经大学,180,法学,历,572.0,540,19256.0,203,,,23.0,与澳大利亚西澳大学联合培养项目
2023,10592,广东财经大学,181,会计学,历,539.0,526,25125.0,203,,,15.0,与澳大利亚西澳大学联合培养项目
2023,10592,广东财经大学,184,税收学,历,546.0,524,26281.0,203,,,20.0,与澳大利亚西澳大学联合培养项目
2023,10592,广东财经大学,185,财务管,历,533.0,523,26951.0,203,,,12.0,佛山校区，与英国埃克塞特大学联合培养项目
2023,10592,广东财经大学,182,国际商务,历,539.0,522,27288.0,203,,,7.0,与美国合作高校联合培养项目
2023,10592,广东财经大学,183,金融学,历,551.0,521,27486.0,203,,,20.0,与澳大利亚西澳大学联合培养项目
2023,10592,广东财经大学,125,自然地理与资源环境,历+化/地,540.0,535,21284.0,205,,,10.0,
2023,10592,广东财经大学,126,人文地理与城乡规划,历+化/地,543.0,535,21295.0,205,,,10.0,
2023,10633,成都中医药大学,2,健康服务与管理(中外合作办学),历,528.0,524,26204.0,205,,,2.0,中外合作
2023,10732,兰州交通大学,6,英语,历,519.0,519,28917.0,201,,,1.0,
2023,10732,兰州交通大学,8,西班牙语,历,518.0,518,29425.0,201,,,1.0,
2023,10732,兰州交通大学,7,法语,历,516.0,516,30521.0,201,,,1.0,
2023,10732,兰州交通大学,3,国际经济与贸易,历,512.0,512,32868.0,201,,,1.0,
2023,10732,兰州交通大学,4,工商管理,历,520.0,509,34583.0,201,,,2.0,
2023,10732,兰州交通大学,9,汉语国际教育,历,514.0,505,36919.0,201,,,2.0,
2023,10732,兰州交通大学,5,市场营销,历,514.0,503,38143.0,201,,,2.0,
2023,10662,贵州中医药大学,3,中医学(5年),历,,557,13009.0,201,,,3.0,
2023,10662,贵州中医药大学,1,针灸推拿学(5年),历,,554,13949.0,201,,,2.0,
2023,10662,贵州中医药大学,2,中西医临床医学(5年),历+化/生,,548,16090.0,202,,,2.0,
2023,10694,西藏大学,3,行政管理,历,536.0,533,22089.0,201,,,3.0,
2023,10694,西藏大学,4,旅游管理,历,533.0,533,22089.0,201,,,2.0,
2023,10694,西藏大学,2,历史学(师范),历+地,543.0,540,19061.0,202,,,3.0,普师
2023,10694,西藏大学,1,汉语言文学(师范),历,554.0,544,17406.0,207,,,3.0,普师
2023,10694,西藏大学,5,翻译,历,539.0,537,20319.0,208,,,2.0,培养英汉翻译人才
2023,10427,济南大学,1,汉语言文学(师范),历,552.0,548,15907.0,201,,,2.0,普师
2023,10427,济南大学,4,法学,历,548.0,546,16648.0,201,,,3.0,
2023,10427,济南大学,8,应用心理学(师范),历,541.0,540,19061.0,201,,,2.0,普师
2023,10427,济南大学,9,特殊教育(师范),历,539.0,538,19903.0,201,,,2.0,普师
2023,10427,济南大学,7,历史学(师范),历,546.0,535,21161.0,201,,,4.0,普师
2023,10427,济南大学,2,英语,历,544.0,534,21620.0,201,,,2.0,师范
2023,10427,济南大学,3,日语,历,535.0,534,21620.0,201,,,2.0,
2023,10427,济南大学,5,社会工作,历,534.0,534,21620.0,201,,,2.0,
2023,10427,济南大学,10,工商管理类,历,533.0,533,22089.0,201,,,2.0,工商管理、会计学
2023,10427,济南大学,11,经济学类,历,533.0,533,22089.0,201,,,2.0,经济学、金融学
2023,10427,济南大学,12,公共管理类,历,537.0,532,22525.0,201,,,2.0,行政管理、劳动与社会保障
2023,10427,济南大学,13,旅游管理类,历,544.0,531,22957.0,201,,,3.0,旅游管理、文化产业管理
2023,10427,济南大学,6,思想政治教育(师范),历+政,558.0,557,12840.0,202,,,2.0,普师
2023,11110,广东警官学院,205,经济犯罪侦查(男),历+政,568.0,526,25157.0,135,,,54.0,军检
2023,11110,广东警官学院,201,侦查学(男),历+政,564.0,500,40069.0,135,,,126.0,军检
2023,11110,广东警官学院,209,警务指挥与战术(男),历+政,543.0,493,44146.0,135,,,53.0,军检
2023,11110,广东警官学院,207,治安学(男),历+政,557.0,487,48814.0,135,,,131.0,军检
2023,11110,广东警官学院,203,禁毒学(男),历+政,547.0,485,50141.0,135,,,28.0,军检
2023,11110,广东警官学院,206,经济犯罪侦查(女),历+政,610.0,586,5509.0,136,,,10.0,军检
2023,11110,广东警官学院,202,侦查学(女),历+政,590.0,583,6081.0,136,,,15.0,军检
2023,11110,广东警官学院,208,治安学(女),历+政,588.0,578,7244.0,136,,,16.0,军检
2023,11110,广东警官学院,210,警务指挥与战术(女),历+政,583.0,578,7279.0,136,,,10.0,军检
2023,11110,广东警官学院,204,禁毒学(女),历+政,580.0,576,7672.0,136,,,9.0,军检
2023,11110,广东警官学院,402,法学,历+政,559.0,535,21170.0,202,,,32.0,
2023,11110,广东警官学院,404,社会工作,历+政,535.0,533,22195.0,202,,,22.0,
2023,11110,广东警官学院,406,行政管理,历,533.0,524,26090.0,204,,,22.0,
2023,10406,南昌航空大学,8,公共事业管理,历,531.0,528,24525.0,201,,,2.0,
2023,10406,南昌航空大学,9,新闻学,历,522.0,516,30521.0,201,,,4.0,
2023,10406,南昌航空大学,7,英语,历,517.0,510,34004.0,201,,,3.0,
2023,10389,福建农林大学,2,商务经济学,历,534.0,531,22957.0,201,,,3.0,
2023,10389,福建农林大学,1,财务管理,历,529.0,527,24759.0,201,,,2.0,
2023,10389,福建农林大学,3,茶学,历+化/生,563.0,547,16280.0,202,,,2.0,
2023,10389,福建农林大学,4,风景园林(中外合作办学),历,528.0,523,26696.0,206,,,2.0,中外合作
2023,10466,河南农业大学,3,外国语言文学类,历,531.0,531,23185.0,201,,,2.0,英语、翻译
2023,10466,河南农业大学,4,经济与金融,历,520.0,520,28387.0,202,,,1.0,
2023,10466,河南农业大学,2,经济学,历,519.0,519,28917.0,202,,,1.0,
2023,10466,河南农业大学,1,旅游管理,历,514.0,514,31640.0,202,,,2.0,
2023,10015,北京印刷学院,6,传播学,历,542.0,542,18428.0,201,,,1.0,
2023,10015,北京印刷学院,5,广告学,历,540.0,540,19275.0,201,,,1.0,
2023,10292,常州大学,1,社会工作,历,533.0,525,25732.0,201,,,4.0,
2023,10304,南通大学,25,秘书学,历,539.0,538,20109.0,201,,,2.0,
2023,10304,南通大学,26,新闻学,历,544.0,538,20109.0,201,,,2.0,
2023,10304,南通大学,27,行政管理,历,541.0,529,24059.0,210,,,2.0,
2023,10304,南通大学,28,学前教育(师范),历,533.0,529,24059.0,211,,,2.0,普师
2023,10602,广西师范大学,2,汉语言文学(师范),历,569.0,561,11740.0,201,,,6.0,普师
2023,10602,广西师范大学,13,商务英语,历,560.0,559,12361.0,201,,,2.0,
2023,10602,广西师范大学,7,法学,历,559.0,559,12361.0,201,,,2.0,
2023,10602,广西师范大学,4,历史学(师范),历,559.0,558,12670.0,201,,,4.0,普师
2023,10602,广西师范大学,10,小学教育(师范),历,557.0,557,13009.0,201,,,1.0,普师
2023,10602,广西师范大学,11,朝鲜语,历,557.0,557,13009.0,201,,,1.0,
2023,10602,广西师范大学,8,经济学,历,559.0,557,13009.0,201,,,2.0,
2023,10602,广西师范大学,9,工商管理,历,557.0,555,13591.0,201,,,2.0,
2023,10602,广西师范大学,12,翻译,历,556.0,555,13591.0,201,,,1.0,
2023,10602,广西师范大学,6,思想政治教育(师范),历+政,563.0,559,12361.0,202,,,4.0,普师
2023,10602,广西师范大学,5,酒店管理,历,536.0,514,31640.0,216,,,2.0,
2023,10602,广西师范大学,1,"汉语言文学(师范,国家文科基地班)",历,578.0,576,7734.0,218,,,2.0,普师
2023,14432,河北中医药大学,1,中医学(5年),历,548.0,546,16826.0,201,,,2.0,
2023,14432,河北中医药大学,2,针灸推拿学(5年),历,549.0,546,16826.0,201,,,2.0,
2023,14432,河北中医药大学,3,中医儿科学(5年),历,546.0,546,16826.0,201,,,2.0,
2023,10172,大连外国语大学,2,英语,历,539.0,539,19486.0,201,,,1.0,
2023,10172,大连外国语大学,1,日语,历,540.0,538,19903.0,202,,,2.0,
2023,10172,大连外国语大学,4,法语,历,531.0,531,22957.0,202,,,1.0,
2023,10172,大连外国语大学,6,西班牙语,历,554.0,527,24759.0,202,,,2.0,
2023,10172,大连外国语大学,9,国际经济与贸易,历,527.0,527,24759.0,202,,,1.0,
2023,10172,大连外国语大学,5,德语,历,526.0,526,25244.0,202,,,1.0,
2023,10172,大连外国语大学,12,跨境电子商务,历,525.0,525,25732.0,202,,,1.0,
2023,10172,大连外国语大学,11,汉语国际教育,历,533.0,525,25732.0,202,,,2.0,
2023,10172,大连外国语大学,3,俄语,历,526.0,523,26696.0,202,,,2.0,
2023,10172,大连外国语大学,7,葡萄牙语,历,519.0,519,28653.0,202,,,1.0,
2023,10172,大连外国语大学,10,旅游管理,历,525.0,518,29172.0,202,,,2.0,
2023,10172,大连外国语大学,8,朝鲜语,历,522.0,516,30251.0,202,,,2.0,
2023,11548,广西财经学院,1,国际经济与贸易,历,,512,32267.0,201,,,2.0,
2023,11548,广西财经学院,2,金融学,历,,509,34006.0,201,,,2.0,
2023,11819,东莞理工学院,115,汉语言文学(师范),历,546.0,534,21609.0,206,,,30.0,普师
2023,11819,东莞理工学院,101,汉语言文学,历,546.0,531,22970.0,206,,,30.0,
2023,11819,东莞理工学院,111,法学,历,545.0,529,23898.0,206,,,30.0,
2023,11819,东莞理工学院,107,英语,历,531.0,524,26155.0,206,,,20.0,商务英语实验班
2023,11819,东莞理工学院,113,社会工作,历,529.0,523,26713.0,206,,,15.0,
2023,11819,东莞理工学院,99,质量管理工程,历,532.0,516,30521.0,206,,,8.0,
2023,11819,东莞理工学院,103,广播电视学,历,537.0,513,31837.0,206,,,30.0,
2023,11819,东莞理工学院,93,国际经济与贸易,历,543.0,513,32265.0,206,,,35.0,
2023,11819,东莞理工学院,109,翻译,历,523.0,511,33344.0,206,,,10.0,
2023,11819,东莞理工学院,97,工商管理类,历,531.0,511,33361.0,206,,,115.0,工商管理、会计学、人力资源管理
2023,11819,东莞理工学院,95,经济与金融,历,530.0,510,33461.0,206,,,48.0,
2023,11819,东莞理工学院,105,文化产业管理,历,528.0,510,33526.0,206,,,22.0,
2023,11819,东莞理工学院,137,经济与金融,历,515.0,501,39057.0,218,,,30.0,粤台联合培养计划
2023,10555,南华大学,7,汉语言文学,历,547.0,545,17210.0,201,,,2.0,
2023,10555,南华大学,3,法学,历,547.0,545,17210.0,201,,,2.0,
2023,10555,南华大学,4,国际经济与贸易,历,541.0,539,19696.0,201,,,2.0,
2023,10555,南华大学,6,外国语言文学类,历,539.0,536,20939.0,201,,,2.0,英语、翻译
2023,10555,南华大学,5,经济学,历,539.0,536,20939.0,201,,,2.0,
2023,10555,南华大学,9,日语,历,537.0,536,20939.0,201,,,2.0,
2023,10555,南华大学,8,会计学,历,542.0,535,21382.0,201,,,2.0,
2023,10555,南华大学,10,工商管理,历,539.0,534,21856.0,201,,,2.0,
2023,10555,南华大学,2,护理学,历,536.0,529,24059.0,206,,,4.0,
2023,10220,东北石油大学,4,英语,历,484.0,484,51056.0,201,,,1.0,
2023,10220,东北石油大学,2,汉语言文学,历,516.0,516,30521.0,202,,,1.0,
2023,10220,东北石油大学,5,工商管理类,历,516.0,516,30521.0,202,,,1.0,工商管理、会计学、财务管理
2023,10220,东北石油大学,3,社会工作,历,507.0,507,35754.0,202,,,1.0,
2023,10220,东北石油大学,1,国际经济与贸易,历,512.0,507,35754.0,202,,,2.0,
2023,10460,河南理工大学,4,工业工程,历,523.0,523,26696.0,201,,,1.0,
2023,10460,河南理工大学,5,金融学,历,515.0,515,30805.0,201,,,2.0,
2023,10460,河南理工大学,3,工商管理类,历,513.0,503,37837.0,201,,,1.0,工商管理、市场营销、人力资源管理
2023,10460,河南理工大学,6,英语,历,499.0,476,56720.0,201,,,2.0,
2023,10207,吉林财经大学,4,法学,历,,518,29172.0,201,,,2.0,
2023,10207,吉林财经大学,3,国际经济与贸易,历,,515,30805.0,201,,,1.0,
2023,10207,吉林财经大学,1,会计学,历,,515,30805.0,201,,,2.0,
2023,10207,吉林财经大学,5,人力资源管理,历,,514,31365.0,201,,,2.0,
2023,10207,吉林财经大学,7,税收学,历,,514,31365.0,201,,,2.0,
2023,10207,吉林财经大学,9,会计学(中外合作办学),历,,504,37225.0,203,,,2.0,中外合作
2023,10207,吉林财经大学,8,金融学(中外合作办学),历,,501,39084.0,203,,,2.0,中外合作
2023,10207,吉林财经大学,6,电子商务(中外合作办学),历,,497,41720.0,203,,,2.0,中外合作
2023,10207,吉林财经大学,2,英语,历,,509,34294.0,205,,,1.0,
2023,10920,湖北理工学院,2,外国语言文学类,历,497.0,495,43055.0,201,,,2.0,英语、商务英语
2023,10920,湖北理工学院,3,汉语言文学(师范),历,505.0,503,37837.0,202,,,4.0,普师
2023,10920,湖北理工学院,1,国际经济与贸易,历,501.0,501,39084.0,202,,,2.0,
2023,11629,北华航天工业学院,1,会计学,历,498.0,498,41058.0,201,,,1.0,
2023,11629,北华航天工业学院,3,物流管理,历,497.0,497,41720.0,201,,,1.0,
2023,11629,北华航天工业学院,2,人力资源管理,历,495.0,495,43055.0,201,,,1.0,
2023,10373,淮北师范大学,6,英语(师范),历,537.0,537,20319.0,201,,,1.0,普师
2023,10373,淮北师范大学,1,经济学,历,520.0,520,28157.0,202,,,1.0,
2023,10373,淮北师范大学,8,人力资源管理,历,515.0,515,30805.0,202,,,1.0,
2023,10373,淮北师范大学,2,国际经济与贸易,历,513.0,513,31954.0,202,,,1.0,
2023,10373,淮北师范大学,7,广告学,历,505.0,505,36628.0,202,,,1.0,
2023,10373,淮北师范大学,5,汉语言文学(师范),历+地/政,547.0,547,16280.0,203,,,1.0,普师
2023,10373,淮北师范大学,3,法学,历+政,532.0,532,22525.0,204,,,1.0,
2023,10373,淮北师范大学,4,社会工作,历+政,528.0,528,24293.0,204,,,1.0,
2023,10369,安徽中医药大学,2,护理学,历,537.0,535,21161.0,201,,,2.0,
2023,10369,安徽中医药大学,1,针灸推拿学(5年),历+化/生,561.0,561,11589.0,202,,,1.0,
2023,10588,广东技术师范大学,123,汉语言文学(师范),历,566.0,549,15679.0,211,,,93.0,普师
2023,10588,广东技术师范大学,122,英语(师范),历,553.0,545,17074.0,211,,,49.0,普师
2023,10588,广东技术师范大学,139,汉语言文学,历,552.0,546,16804.0,212,,,14.0,
2023,10588,广东技术师范大学,141,历史学(师范),历,559.0,541,18716.0,212,,,16.0,普师
2023,10588,广东技术师范大学,125,应用心理学(师范),历,554.0,540,18981.0,212,,,10.0,普师
2023,10588,广东技术师范大学,133,法学类,历,547.0,535,21095.0,212,,,114.0,法学、知识产权
2023,10588,广东技术师范大学,126,税收学,历,540.0,534,21488.0,212,,,6.0,
2023,10588,广东技术师范大学,129,会计学,历,546.0,533,21944.0,212,,,14.0,
2023,10588,广东技术师范大学,131,财务会计教育,历,540.0,532,22490.0,212,,,2.0,
2023,10588,广东技术师范大学,128,国际经济与贸易,历,533.0,530,23541.0,212,,,4.0,
2023,10588,广东技术师范大学,132,电子商务(师范),历,535.0,529,23622.0,212,,,10.0,普师
2023,10588,广东技术师范大学,140,新闻传播学类,历,545.0,529,24034.0,212,,,64.0,新闻学、网络与新媒体
2023,10588,广东技术师范大学,130,财务管理,历,533.0,529,24036.0,212,,,17.0,
2023,10588,广东技术师范大学,127,金融学,历,535.0,527,24800.0,212,,,29.0,
2023,10588,广东技术师范大学,135,行政管理,历,537.0,525,25844.0,212,,,48.0,
2023,10588,广东技术师范大学,136,旅游管理与服务教育,历,531.0,525,25859.0,212,,,14.0,
2023,10588,广东技术师范大学,124,学前教育,历,542.0,524,26361.0,212,,,51.0,
2023,10588,广东技术师范大学,137,商务英语,历,540.0,524,26415.0,212,,,81.0,
2023,10588,广东技术师范大学,138,日语,历,530.0,523,26494.0,212,,,23.0,
2023,10588,广东技术师范大学,134,工商管理类,历,541.0,523,26530.0,212,,,53.0,工商管理、市场营销、人力资源管理
2023,10588,广东技术师范大学,163,"金融学(应用技术类,与广州番禺职业技术学院协同培养)",历,520.0,494,43562.0,215,,,40.0,“4+0”试点专业实验班
2023,10588,广东技术师范大学,166,英语(师范),历,531.0,497,41895.0,216,,,50.0,普师，学分互认项目
2023,10588,广东技术师范大学,164,会计学,历,515.0,494,43681.0,216,,,24.0,学分互认项目
2023,10588,广东技术师范大学,165,工商管理,历,513.0,494,43840.0,216,,,21.0,学分互认项目
2023,10463,河南工业大学,11,英语,历,528.0,528,24525.0,201,,,1.0,
2023,10463,河南工业大学,5,金融学,历,528.0,528,24525.0,202,,,1.0,
2023,10463,河南工业大学,3,法学,历,539.0,525,25967.0,202,,,2.0,
2023,10463,河南工业大学,4,国际经济与贸易,历,518.0,518,29425.0,202,,,1.0,
2023,10463,河南工业大学,6,经济学,历,517.0,517,29980.0,202,,,1.0,
2023,10463,河南工业大学,2,财政学,历,515.0,515,31088.0,202,,,1.0,
2023,10463,河南工业大学,10,物流管理,历,518.0,512,32868.0,202,,,2.0,
2023,10463,河南工业大学,9,网络与新媒体,历,513.0,512,32868.0,202,,,2.0,
2023,10463,河南工业大学,13,广播电视学,历,505.0,505,36919.0,202,,,1.0,
2023,10463,河南工业大学,12,新闻学,历,505.0,505,36919.0,202,,,1.0,
2023,10463,河南工业大学,1,会计学(中外合作办学),历,503.0,502,38755.0,207,,,2.0,中外合作
2023,10463,河南工业大学,7,人力资源管理(中外合作办学),历,497.0,496,42735.0,207,,,2.0,中外合作
2023,10463,河南工业大学,8,市场营销(中外合作办学),历,496.0,495,43374.0,207,,,2.0,中外合作
2023,11319,南昌工程学院,5,英语,历,519.0,504,37225.0,201,,,2.0,
2023,11319,南昌工程学院,6,法语,历,504.0,503,37837.0,201,,,2.0,
2023,11319,南昌工程学院,4,投资学,历,501.0,501,39084.0,202,,,2.0,
2023,11319,南昌工程学院,3,国际经济与贸易,历,496.0,495,43055.0,202,,,2.0,
2023,11319,南昌工程学院,2,人力资源管理,历,495.0,495,43055.0,202,,,2.0,
2023,11319,南昌工程学院,1,市场营销,历,499.0,495,43055.0,202,,,2.0,
2023,10165,辽宁师范大学,1,国际商务(中外合作办学),历,504.0,499,40399.0,203,,,4.0,中外合作
2023,11035,沈阳大学,2,会计学,历,508.0,507,35466.0,201,,,2.0,
2023,11035,沈阳大学,3,英语,历,508.0,506,36046.0,201,,,2.0,
2023,11035,沈阳大学,1,国际商务,历,506.0,505,36628.0,201,,,3.0,
2023,10603,南宁师范大学,9,汉语言文学(师范),历,552.0,551,14826.0,201,,,2.0,普师
2023,10603,南宁师范大学,8,英语(师范),历,543.0,539,19486.0,201,,,2.0,普师
2023,10603,南宁师范大学,6,国际经济与贸易,历,537.0,536,20734.0,201,,,2.0,
2023,10603,南宁师范大学,7,商务英语(师范),历,538.0,533,22089.0,201,,,2.0,普师
2023,10603,南宁师范大学,10,秘书学,历,533.0,530,23399.0,201,,,2.0,
2023,10603,南宁师范大学,5,社会工作,历,532.0,529,23836.0,201,,,2.0,
2023,10603,南宁师范大学,11,文化产业管理,历,531.0,524,26204.0,201,,,2.0,
2023,10571,广东医科大学,44,口腔医学技术,历+化,525.0,501,38988.0,205,,,26.0,
2023,10571,广东医科大学,42,康复治疗学,历+化,526.0,501,39340.0,205,,,14.0,
2023,10571,广东医科大学,45,卫生检验与检疫,历+化,524.0,494,43515.0,205,,,12.0,
2023,10571,广东医科大学,41,眼视光学,历+化,533.0,492,44977.0,205,,,20.0,
2023,10571,广东医科大学,46,智能医学工程,历+化,521.0,487,48248.0,205,,,15.0,
2023,10571,广东医科大学,39,医学检验技术,历+化,538.0,482,52036.0,205,,,57.0,
2023,10571,广东医科大学,43,康复物理治疗,历+化,496.0,481,52615.0,205,,,13.0,
2023,10571,广东医科大学,40,医学实验技术,历+化,533.0,481,52731.0,205,,,20.0,
2023,10571,广东医科大学,47,预防医学(5年),历+化/生,558.0,533,22011.0,206,,,24.0,
2023,10571,广东医科大学,52,应用心理学,历,545.0,528,24179.0,207,,,26.0,
2023,10571,广东医科大学,50,护理学,历,539.0,519,28437.0,207,,,75.0,
2023,10571,广东医科大学,48,护理学,历,538.0,517,29591.0,207,,,18.0,湛江校区
2023,10571,广东医科大学,55,健康服务与管理,历,538.0,516,30239.0,207,,,19.0,
2023,10571,广东医科大学,51,助产学,历,533.0,516,30300.0,207,,,20.0,
2023,10571,广东医科大学,57,信息资源管理,历,520.0,515,30905.0,207,,,5.0,
2023,10571,广东医科大学,49,助产学,历,533.0,511,32881.0,207,,,18.0,湛江校区
2023,10571,广东医科大学,56,医疗保险,历,525.0,510,33923.0,207,,,19.0,
2023,10571,广东医科大学,53,社会工作,历,528.0,509,34175.0,207,,,26.0,
2023,10571,广东医科大学,54,公共事业管理,历,517.0,507,35695.0,207,,,38.0,
2023,10571,广东医科大学,58,英语,历,542.0,506,36304.0,207,,,128.0,
2023,10152,大连工业大学,1,工商管理,历,503.0,487,48534.0,201,,,2.0,
2023,11230,齐齐哈尔医学院,2,应用心理学,历,,493,44382.0,201,,,2.0,
2023,11230,齐齐哈尔医学院,3,护理学,历,,493,44382.0,201,,,6.0,
2023,11230,齐齐哈尔医学院,4,助产学,历,,492,45076.0,201,,,2.0,
2023,11230,齐齐哈尔医学院,6,食品营养与检验教育,历,,492,45076.0,201,,,1.0,
2023,11230,齐齐哈尔医学院,5,公共事业管理,历,,490,46468.0,204,,,1.0,
2023,11230,齐齐哈尔医学院,1,社会工作,历,,491,45777.0,205,,,1.0,
2023,11825,桂林航天工业学院,3,物流管理,历,497.0,497,41720.0,201,,,2.0,
2023,11825,桂林航天工业学院,2,财务管理,历,497.0,496,42392.0,201,,,2.0,
2023,11825,桂林航天工业学院,1,人力资源管理,历,496.0,495,43055.0,201,,,2.0,
2023,10419,井冈山大学,5,英语(师范),历,521.0,517,29703.0,201,,,2.0,普师
2023,10419,井冈山大学,3,会计学,历,512.0,510,33721.0,202,,,2.0,
2023,10419,井冈山大学,4,经济与金融,历,519.0,509,34294.0,202,,,3.0,
2023,10419,井冈山大学,7,社会工作,历,513.0,509,34294.0,202,,,3.0,
2023,10419,井冈山大学,6,新闻学,历,516.0,509,34294.0,202,,,2.0,
2023,10419,井冈山大学,2,中医学(5年),历,551.0,533,22089.0,208,,,2.0,
2023,10419,井冈山大学,1,护理学,历,532.0,531,22957.0,208,,,2.0,
2023,10077,河北地质大学,4,广告学,历,509.0,507,35754.0,201,,,2.0,
2023,10077,河北地质大学,3,工商管理类(财会),历,511.0,506,36336.0,201,,,2.0,会计学、审计学、财务管理
2023,10077,河北地质大学,5,公共管理类,历,516.0,506,36336.0,201,,,2.0,行政管理、劳动与社会保障
2023,13763,福建江夏学院,1,经济学,历,506.0,506,36046.0,201,,,1.0,
2023,13763,福建江夏学院,2,国际商务,历,510.0,505,36628.0,201,,,2.0,
2023,13763,福建江夏学院,3,金融学,历,502.0,502,38450.0,201,,,1.0,
2023,10347,湖州师范学院,1,知识产权,历,530.0,525,25732.0,201,,,2.0,
2023,10573,广东药科大学,13,中西医临床医学(5年),历+化/生,574.0,565,10343.0,205,,,5.0,
2023,10573,广东药科大学,56,中医学(5年),历+化/生,566.0,554,13805.0,205,,,20.0,
2023,10573,广东药科大学,6,预防医学(5年),历+化/生,562.0,538,19871.0,205,,,20.0,
2023,10573,广东药科大学,60,护理学,历+化/生,554.0,528,24514.0,205,,,60.0,
2023,10573,广东药科大学,8,卫生检验与检疫,历+化,527.0,503,37622.0,206,,,10.0,
2023,10573,广东药科大学,64,康复治疗学,历+化,521.0,491,45643.0,206,,,20.0,
2023,10573,广东药科大学,20,英语,历,536.0,512,32804.0,207,,,30.0,
2023,10573,广东药科大学,31,国际经济与贸易,历,526.0,502,38631.0,207,,,70.0,
2023,10573,广东药科大学,33,经济学,历,520.0,499,40543.0,207,,,70.0,
2023,10573,广东药科大学,62,健康服务与管理,历,522.0,498,40753.0,207,,,64.0,
2023,10573,广东药科大学,38,电子商务,历,522.0,497,41950.0,207,,,70.0,
2023,10573,广东药科大学,40,公共事业管理,历,519.0,495,43019.0,207,,,70.0,
2023,10573,广东药科大学,42,物流管理,历,505.0,495,43080.0,207,,,70.0,
2023,10573,广东药科大学,35,工商管理类,历,524.0,495,43109.0,207,,,140.0,市场营销、人力资源管理
2023,10412,江西中医药大学,4,公共事业管理,历,524.0,524,26204.0,201,,,1.0,
2023,10412,江西中医药大学,5,市场营销,历,520.0,514,31365.0,201,,,2.0,
2023,10412,江西中医药大学,1,中医养生学(5年),历+化/生,552.0,552,14469.0,202,,,1.0,
2023,10412,江西中医药大学,3,应用心理学,历,526.0,526,25244.0,208,,,1.0,
2023,10412,江西中医药大学,2,护理学,历,526.0,525,25732.0,208,,,2.0,
2023,11318,江西科技师范大学,15,英语(师范),历,,539,19486.0,201,,,1.0,普师
2023,11318,江西科技师范大学,11,法学,历,,544,17406.0,202,,,1.0,
2023,11318,江西科技师范大学,13,汉语言文学(师范),历,,541,18638.0,202,,,1.0,普师
2023,11318,江西科技师范大学,14,历史学(师范),历,,535,21161.0,202,,,2.0,普师
2023,11318,江西科技师范大学,10,国际经济与贸易,历,,532,22525.0,202,,,3.0,
2023,11318,江西科技师范大学,16,物流管理(含职教师范),历,,532,22525.0,202,,,2.0,普师
2023,11318,江西科技师范大学,12,药物制剂,历+化/生,,528,24293.0,203,,,1.0,
2023,11318,江西科技师范大学,17,思想政治教育(师范),历+政,,539,19486.0,204,,,2.0,普师
2023,11607,北部湾大学,5,英语(师范),历,509.0,509,34583.0,201,,,2.0,普师
2023,11607,北部湾大学,1,金融工程,历,507.0,507,35754.0,202,,,1.0,
2023,11607,北部湾大学,3,汉语言文学(师范),历,509.0,507,35754.0,202,,,2.0,普师
2023,11607,北部湾大学,6,泰语,历,507.0,506,36336.0,202,,,2.0,
2023,11607,北部湾大学,2,国际经济与贸易,历,502.0,502,38755.0,202,,,1.0,
2023,11607,北部湾大学,4,汉语国际教育,历,501.0,501,39411.0,202,,,2.0,
2023,11607,北部湾大学,7,越南语,历,500.0,500,40074.0,202,,,2.0,
2023,10476,河南师范大学,1,英语(师范),历,551.0,551,14826.0,201,,,2.0,普师
2023,10476,河南师范大学,2,汉语言文学(师范),历,531.0,530,23399.0,202,,,2.0,普师
2023,10476,河南师范大学,3,社会学类,历,530.0,529,23836.0,202,,,2.0,社会学、社会工作
2023,10476,河南师范大学,4,旅游管理类,历,529.0,526,25244.0,202,,,4.0,旅游管理、酒店管理
2023,10475,河南大学,5,英语(师范),历,,572,8574.0,201,,,2.0,普师
2023,10475,河南大学,6,俄语,历,,525,25732.0,202,,,3.0,
2023,10475,河南大学,7,日语,历,,544,17406.0,203,,,2.0,
2023,10475,河南大学,8,德语,历,,533,22089.0,204,,,2.0,
2023,10475,河南大学,3,法学,历,,562,11302.0,205,,,3.0,
2023,10475,河南大学,13,社会工作,历,,550,15179.0,205,,,4.0,
2023,10475,河南大学,9,新闻传播学类,历,,550,15179.0,205,,,4.0,新闻学、广告学、编辑出版学、网络与新媒体
2023,10475,河南大学,4,中国语言文学类(师范),历+地/政,,572,8574.0,206,,,5.0,普师
2023,10475,河南大学,16,俄语(中外合作办学),历,,506,36046.0,213,,,5.0,中外合作
2023,10475,河南大学,15,会计学(中外合作办学),历,,544,17406.0,214,,,5.0,中外合作
2023,10475,河南大学,2,经济学类,历,,552,14469.0,217,,,3.0,经济学、金融学、财政学、国际经济与贸易
2023,10475,河南大学,11,工商管理,历,,547,16280.0,217,,,3.0,
2023,10475,河南大学,14,公共管理类,历,,540,19061.0,217,,,5.0,行政管理、劳动与社会保障
2023,10475,河南大学,12,电子商务,历,,539,19486.0,217,,,3.0,
2023,10475,河南大学,10,学前教育(师范),历,,541,18638.0,222,,,4.0,普师
2023,10212,黑龙江大学,6,法学,历,580.0,534,21856.0,201,,,2.0,
2023,10212,黑龙江大学,4,图书馆学,历,541.0,530,23611.0,201,,,3.0,
2023,10212,黑龙江大学,7,金融学,历,531.0,517,29980.0,201,,,6.0,
2023,10212,黑龙江大学,3,传播学,历,525.0,511,33437.0,201,,,5.0,
2023,10212,黑龙江大学,2,广告学,历,517.0,509,34583.0,201,,,4.0,
2023,10212,黑龙江大学,5,旅游管理,历,529.0,498,41391.0,201,,,15.0,
2023,10528,湖北工程学院,1,建筑学(5年),历,,500,39743.0,201,,,1.0,
2023,10548,怀化学院,3,跨境电子商务,历,493.0,493,44727.0,201,,,2.0,
2023,10548,怀化学院,2,物流管理,历,494.0,493,44727.0,201,,,2.0,
2023,10548,怀化学院,1,英语(师范),历,512.0,499,40723.0,209,,,2.0,普师
2023,11838,贺州学院,1,小学教育(师范),历,499.0,495,43055.0,201,,,4.0,普师
2023,11838,贺州学院,2,秘书学,历,495.0,495,43055.0,201,,,4.0,
2023,11838,贺州学院,3,商务英语,历,495.0,495,43055.0,201,,,4.0,
2023,11838,贺州学院,4,旅游管理,历,495.0,495,43055.0,201,,,4.0,
2023,11843,九江学院,3,会计学,历,500.0,499,40723.0,201,,,2.0,
2023,11843,九江学院,4,工商管理,历,497.0,495,43374.0,201,,,3.0,
2023,11843,九江学院,1,国际经济与贸易,历,495.0,494,44035.0,201,,,2.0,
2023,11843,九江学院,2,金融工程,历,509.0,494,44035.0,201,,,3.0,
2023,11106,广州航海学院,38,法学,历,541.0,517,29948.0,211,,,46.0,
2023,11106,广州航海学院,39,海事管理,历,534.0,513,32207.0,211,,,30.0,
2023,11106,广州航海学院,43,财务管理,历,530.0,507,35282.0,211,,,45.0,
2023,11106,广州航海学院,46,交通管理,历,513.0,506,36330.0,211,,,44.0,
2023,11106,广州航海学院,42,金融学,历,516.0,502,38373.0,211,,,48.0,
2023,11106,广州航海学院,41,意大利语,历,522.0,502,38493.0,211,,,15.0,
2023,11106,广州航海学院,47,物流管理,历,512.0,501,39189.0,211,,,44.0,
2023,11106,广州航海学院,44,国际商务,历,528.0,500,39467.0,211,,,46.0,
2023,11106,广州航海学院,45,跨境电子商务,历,510.0,500,39753.0,211,,,44.0,
2023,11106,广州航海学院,48,旅游管理,历,512.0,500,39758.0,211,,,46.0,
2023,11106,广州航海学院,40,商务英语,历,516.0,500,39862.0,211,,,126.0,
2023,11106,广州航海学院,49,金融学,历,499.0,492,45140.0,212,,,18.0,与澳大利亚悉尼科技大学和科廷大学联合培养项目
2023,11106,广州航海学院,50,商务英语,历,500.0,492,45025.0,213,,,15.0,与德国德累斯顿国际大学联合培养项目
2023,10608,广西民族大学,19,英语,历,527.0,521,27677.0,201,,,2.0,
2023,10608,广西民族大学,20,法语,历,519.0,519,28653.0,201,,,1.0,
2023,10608,广西民族大学,21,翻译,历,519.0,518,29172.0,201,,,2.0,
2023,10608,广西民族大学,15,法学,历,540.0,540,19061.0,202,,,1.0,
2023,10608,广西民族大学,16,汉语言文学,历,535.0,535,21161.0,202,,,1.0,
2023,10608,广西民族大学,17,汉语国际教育,历,534.0,534,21620.0,202,,,1.0,
2023,10608,广西民族大学,14,档案学,历,530.0,530,23399.0,202,,,1.0,
2023,10608,广西民族大学,11,行政管理,历,531.0,524,26204.0,202,,,2.0,
2023,10608,广西民族大学,26,国际商务,历,522.0,522,27190.0,202,,,2.0,
2023,10608,广西民族大学,13,国际经济与贸易,历,521.0,521,27677.0,202,,,1.0,
2023,10608,广西民族大学,22,印度尼西亚语(国家基地班),历,519.0,519,28653.0,202,,,1.0,
2023,10608,广西民族大学,18,社会学,历,517.0,516,30251.0,202,,,2.0,
2023,10608,广西民族大学,25,传播学,历,518.0,514,31365.0,202,,,2.0,
2023,10608,广西民族大学,23,越南语(国家基地班),历,514.0,514,31365.0,202,,,2.0,
2023,10608,广西民族大学,12,金融学,历,515.0,509,34294.0,203,,,2.0,
2023,10608,广西民族大学,24,非物质文化遗产保护,历,526.0,518,29172.0,220,,,3.0,
2023,11546,广西科技师范学院,2,小学教育(师范),历,503.0,503,37837.0,201,,,2.0,普师
2023,11546,广西科技师范学院,4,网络与新媒体,历,502.0,501,39084.0,201,,,2.0,
2023,11546,广西科技师范学院,1,学前教育(师范),历,500.0,499,40399.0,201,,,2.0,普师
2023,11546,广西科技师范学院,5,物流管理,历,499.0,498,41058.0,201,,,2.0,
2023,11546,广西科技师范学院,3,汉语言文学(师范),历+地/政,513.0,506,36046.0,202,,,4.0,普师
2023,10553,湖南人文科技学院,1,应用心理学(师范),历,501.0,496,42392.0,201,,,3.0,普师
2023,10553,湖南人文科技学院,3,财务管理,历,496.0,494,43705.0,201,,,3.0,
2023,10553,湖南人文科技学院,2,思想政治教育(师范),历+政,513.0,501,39084.0,202,,,4.0,普师
2023,10553,湖南人文科技学院,4,学前教育(中外合作办学)(师范),历,487.0,484,50675.0,204,,,3.0,普师
2023,10580,肇庆学院,41,汉语言文学(师范),历,538.0,513,31762.0,201,,,180.0,普师
2023,10580,肇庆学院,39,法学类,历,524.0,506,35884.0,201,,,92.0,法学、知识产权
2023,10580,肇庆学院,47,历史学(师范),历,536.0,504,37470.0,201,,,90.0,普师
2023,10580,肇庆学院,44,英语(师范),历,524.0,502,38754.0,201,,,90.0,普师
2023,10580,肇庆学院,36,工商管理类,历,512.0,499,40266.0,201,,,24.0,会计学、人力资源管理
2023,10580,肇庆学院,42,新闻传播学类,历,514.0,499,40671.0,201,,,60.0,广播电视学、网络与新媒体
2023,10580,肇庆学院,43,日语,历,510.0,497,42040.0,201,,,35.0,
2023,10580,肇庆学院,37,电子商务,历,517.0,496,42229.0,201,,,45.0,
2023,10580,肇庆学院,46,旅游管理,历,506.0,496,42238.0,201,,,18.0,
2023,10580,肇庆学院,35,国际经济与贸易,历,514.0,496,42261.0,201,,,50.0,
2023,10580,肇庆学院,40,行政管理,历,504.0,496,42271.0,201,,,70.0,
2023,10580,肇庆学院,45,商务英语,历,511.0,496,42285.0,201,,,44.0,
2023,10580,肇庆学院,49,应用心理学(师范),历,520.0,504,37239.0,202,,,15.0,普师
2023,10580,肇庆学院,50,学前教育(师范),历,508.0,500,39505.0,202,,,25.0,普师
2023,10580,肇庆学院,52,风景园林,历+生/地,523.0,496,42168.0,204,,,36.0,
2023,10580,肇庆学院,54,思想政治教育(师范),历+政,531.0,513,32133.0,206,,,64.0,普师
2023,10579,岭南师范学院,1,思想政治教育(师范),历+政,550.0,518,28967.0,201,,,155.0,普师
2023,10579,岭南师范学院,2,地理科学(师范),历+化/地,533.0,510,33455.0,202,,,106.0,普师
2023,10579,岭南师范学院,3,地理信息科学,历+化/地,529.0,510,33750.0,202,,,22.0,
2023,10579,岭南师范学院,4,历史学(师范),历+地,542.0,513,31728.0,203,,,148.0,普师
2023,10579,岭南师范学院,5,心理学(师范),历,520.0,505,36388.0,204,,,31.0,普师
2023,10579,岭南师范学院,7,园林,历,506.0,504,37167.0,204,,,5.0,
2023,10579,岭南师范学院,6,学前教育(师范),历,528.0,504,37500.0,204,,,20.0,普师
2023,10579,岭南师范学院,8,特殊教育(师范),历,522.0,503,37604.0,204,,,18.0,普师
2023,10579,岭南师范学院,17,法学,历,531.0,511,33258.0,205,,,100.0,
2023,10579,岭南师范学院,9,英语(师范),历,535.0,510,33726.0,205,,,87.0,普师
2023,10579,岭南师范学院,13,小学教育(师范),历,528.0,510,33787.0,205,,,25.0,普师
2023,10579,岭南师范学院,12,日语,历,538.0,507,35748.0,205,,,40.0,
2023,10579,岭南师范学院,16,行政管理,历,514.0,506,35846.0,205,,,26.0,
2023,10579,岭南师范学院,11,翻译,历,510.0,506,35969.0,205,,,28.0,
2023,10579,岭南师范学院,18,烹饪与营养教育(师范),历,513.0,506,36084.0,205,,,13.0,普师
2023,10579,岭南师范学院,15,社会工作,历,518.0,506,36088.0,205,,,31.0,
2023,10579,岭南师范学院,14,人力资源管理,历,511.0,506,36126.0,205,,,31.0,
2023,10579,岭南师范学院,10,商务英语,历,511.0,506,36142.0,205,,,31.0,
2023,10579,岭南师范学院,19,汉语言文学(师范),历,556.0,525,25874.0,206,,,330.0,普师
2023,10579,岭南师范学院,20,汉语国际教育(师范),历,525.0,522,27316.0,206,,,47.0,普师
2023,10579,岭南师范学院,23,财务会计教育(师范),历,522.0,519,28615.0,206,,,16.0,普师
2023,10579,岭南师范学院,21,网络与新媒体,历,525.0,518,29322.0,206,,,44.0,
2023,10579,岭南师范学院,29,统计学,历,517.0,515,31002.0,206,,,5.0,
2023,10579,岭南师范学院,22,新闻学,历,524.0,513,31765.0,206,,,44.0,
2023,10579,岭南师范学院,26,市场营销,历,520.0,513,31956.0,206,,,16.0,
2023,10579,岭南师范学院,24,财务管理,历,525.0,512,32272.0,206,,,50.0,
2023,10579,岭南师范学院,27,电子商务,历,521.0,512,32426.0,206,,,25.0,
2023,10579,岭南师范学院,25,国际经济与贸易,历,522.0,512,32450.0,206,,,34.0,
2023,10579,岭南师范学院,28,工商管理,历,519.0,512,32509.0,206,,,46.0,
2023,10579,岭南师范学院,30,烹饪与营养教育(中外合作办学)(师范),历,507.0,483,51458.0,207,,,25.0,普师
2023,10577,惠州学院,1,思想政治教育(师范),历+政,536.0,523,26901.0,201,,,65.0,普师
2023,10577,惠州学院,11,地理科学(师范),历+化/地,535.0,511,33343.0,202,,,66.0,普师
2023,10577,惠州学院,12,地理信息科学,历+化/地,532.0,508,34744.0,202,,,28.0,
2023,10577,惠州学院,3,小学教育(师范),历,526.0,519,28611.0,203,,,25.0,普师
2023,10577,惠州学院,4,汉语言文学(师范),历,558.0,527,24896.0,204,,,175.0,普师
2023,10577,惠州学院,6,英语(师范),历,534.0,514,31462.0,205,,,131.0,普师
2023,10577,惠州学院,9,历史学(师范),历,534.0,518,29097.0,206,,,78.0,普师
2023,10577,惠州学院,2,学前教育(师范),历,519.0,507,35739.0,207,,,23.0,普师
2023,10577,惠州学院,5,网络与新媒体,历,536.0,513,32034.0,208,,,45.0,
2023,10577,惠州学院,7,日语,历,517.0,502,38392.0,209,,,30.0,
2023,10577,惠州学院,10,法学,历,532.0,517,29837.0,210,,,95.0,
2023,10577,惠州学院,8,社会工作,历,517.0,515,30884.0,210,,,36.0,
2023,10577,惠州学院,15,审计学,历,519.0,505,36830.0,211,,,51.0,
2023,10577,惠州学院,14,财务管理,历,520.0,501,39015.0,211,,,51.0,
2023,10577,惠州学院,17,国际经济与贸易,历,518.0,498,41125.0,211,,,51.0,
2023,10577,惠州学院,13,旅游管理,历,515.0,498,41203.0,211,,,23.0,
2023,10577,惠州学院,16,物流管理,历,506.0,497,41493.0,211,,,52.0,
2023,10577,惠州学院,19,建筑学(5年),历,512.0,501,38936.0,212,,,15.0,
2023,10577,惠州学院,20,风景园林(5年),历,504.0,498,41274.0,212,,,12.0,
2023,10577,惠州学院,18,服装设计与工程,历+化,498.0,490,46699.0,213,,,17.0,
2023,10577,惠州学院,21,园林,历,509.0,500,39768.0,214,,,20.0,
2023,10577,惠州学院,93,学前教育(中外合作办学)(师范),历,496.0,472,60223.0,215,,,48.0,普师
2023,11847,佛山科学技术学院,101,法学,历,543.0,536,20734.0,219,,,20.0,
2023,11847,佛山科学技术学院,110,国际经济与贸易,历,535.0,532,22525.0,219,,,5.0,
2023,11847,佛山科学技术学院,111,金融学,历,537.0,529,23836.0,219,,,5.0,
2023,11847,佛山科学技术学院,103,会计学,历,537.0,523,26696.0,219,,,90.0,
2023,11847,佛山科学技术学院,105,工商管理,历,536.0,520,28157.0,219,,,45.0,培养新媒体运营人才
2023,11847,佛山科学技术学院,104,人力资源管理,历,534.0,514,31365.0,219,,,50.0,
2023,11847,佛山科学技术学院,106,工商管理,历,528.0,512,32568.0,219,,,20.0,培养风险管理与保险人才
2023,11847,佛山科学技术学院,102,旅游管理,历,536.0,510,33721.0,219,,,65.0,
2023,11847,佛山科学技术学院,107,市场营销,历,532.0,510,33721.0,219,,,46.0,
2023,11847,佛山科学技术学院,108,市场营销,历,530.0,510,33721.0,219,,,18.0,培养跨境电商人才
2023,11847,佛山科学技术学院,109,工业工程,历,565.0,504,37225.0,219,,,39.0,
2023,11847,佛山科学技术学院,112,汉语言文学(师范),历,565.0,541,18638.0,220,,,25.0,普师
2023,11847,佛山科学技术学院,113,汉语言文学,历,544.0,539,19486.0,220,,,25.0,
2023,11847,佛山科学技术学院,114,教育技术学(师范),历,532.0,517,29703.0,221,,,10.0,普师
2023,11847,佛山科学技术学院,115,教育技术学,历,519.0,510,33721.0,221,,,10.0,
2023,11847,佛山科学技术学院,116,英语(师范),历,543.0,533,22089.0,222,,,20.0,普师
2023,11847,佛山科学技术学院,117,英语,历,541.0,531,22957.0,222,,,20.0,
2023,11847,佛山科学技术学院,119,药学,历+化/生,534.0,522,27190.0,223,,,2.0,
2023,11847,佛山科学技术学院,118,园艺,历+化/生,527.0,514,31365.0,223,,,10.0,
2023,11847,佛山科学技术学院,120,思想政治教育(师范),历+政,552.0,535,21161.0,224,,,20.0,普师
2023,11847,佛山科学技术学院,121,人文地理与城乡规划,历+化/地,532.0,511,33153.0,225,,,35.0,
2023,11847,佛山科学技术学院,122,建筑学(5年),历,520.0,508,34880.0,226,,,10.0,
2023,11847,佛山科学技术学院,123,风景园林,历,525.0,507,35466.0,226,,,10.0,
2023,11847,佛山科学技术学院,124,医学检验技术,历+化,525.0,517,29703.0,227,,,2.0,
2023,11847,佛山科学技术学院,125,交通工程,历+化,509.0,502,38450.0,228,,,5.0,
2023,11847,佛山科学技术学院,126,食品科学与工程,历,536.0,516,30251.0,229,,,20.0,
2023,11847,佛山科学技术学院,127,食品质量与安全,历,527.0,516,30251.0,229,,,10.0,
2023,11847,佛山科学技术学院,128,金融学,历,523.0,494,43705.0,230,,,10.0,与香港岭南大学联合培养项目
2023,11847,佛山科学技术学院,129,旅游管理,历,509.0,492,45076.0,230,,,10.0,与澳门旅游学院联合培养项目
2023,10169,鞍山师范学院,1,社会工作,历,,493,44382.0,201,,,1.0,
2023,10668,贵州工程应用技术学院,1,汉语言文学(师范),历,507.0,503,37837.0,201,,,2.0,普师
2023,10668,贵州工程应用技术学院,3,教育学类(师范),历,499.0,497,41720.0,203,,,2.0,普师
2023,10668,贵州工程应用技术学院,2,英语(师范),历,497.0,497,41720.0,204,,,2.0,普师
2023,11330,安阳工学院,1,市场营销,历,493.0,493,44382.0,201,,,3.0,
2023,10578,韩山师范学院,161,思想政治教育(师范),历+政,539.0,514,31525.0,217,,,38.0,普师
2023,10578,韩山师范学院,162,地理科学(师范),历+化/地,529.0,508,34601.0,218,,,38.0,普师
2023,10578,韩山师范学院,172,汉语言文学(师范),历,547.0,519,28626.0,219,,,78.0,普师
2023,10578,韩山师范学院,180,法学,历,524.0,503,37707.0,219,,,48.0,
2023,10578,韩山师范学院,168,历史学(师范),历,531.0,502,38217.0,219,,,127.0,普师
2023,10578,韩山师范学院,404,小学教育(师范),历,518.0,502,38230.0,219,,,19.0,普师
2023,10578,韩山师范学院,177,英语(师范),历,533.0,501,39076.0,219,,,52.0,普师
2023,10578,韩山师范学院,176,网络与新媒体,历,527.0,498,40732.0,219,,,39.0,
2023,10578,韩山师范学院,163,学前教育(师范),历,519.0,498,40781.0,219,,,17.0,普师
2023,10578,韩山师范学院,173,汉语国际教育(师范),历,519.0,498,41357.0,219,,,48.0,普师
2023,10578,韩山师范学院,181,社会工作,历,504.0,496,42336.0,219,,,19.0,
2023,10578,韩山师范学院,175,广播电视学,历,514.0,495,42977.0,219,,,23.0,
2023,10578,韩山师范学院,178,日语,历,520.0,495,43081.0,219,,,17.0,
2023,10578,韩山师范学院,164,食品科学与工程,历,535.0,495,43351.0,219,,,50.0,
2023,10578,韩山师范学院,167,投资学,历,508.0,495,43361.0,219,,,18.0,
2023,10578,韩山师范学院,169,档案学,历,512.0,494,43545.0,219,,,37.0,
2023,10578,韩山师范学院,179,商务英语,历,512.0,494,43716.0,219,,,39.0,
2023,10578,韩山师范学院,401,食品质量与安全,历,502.0,494,43735.0,219,,,25.0,
2023,10578,韩山师范学院,170,烹饪与营养教育(师范),历,501.0,494,43739.0,219,,,25.0,普师
2023,10578,韩山师范学院,171,旅游管理类,历,503.0,494,43751.0,219,,,49.0,旅游管理、酒店管理
2023,10578,韩山师范学院,166,财务管理,历,509.0,494,43765.0,219,,,40.0,
2023,10578,韩山师范学院,402,人力资源管理,历,498.0,494,43769.0,219,,,23.0,
2023,10578,韩山师范学院,174,秘书学,历,511.0,494,43772.0,219,,,39.0,
2023,10578,韩山师范学院,165,经济学,历,510.0,494,43774.0,219,,,40.0,
2023,10578,韩山师范学院,403,审计学,历,515.0,494,43779.0,219,,,40.0,
2023,10578,韩山师范学院,183,"食品质量与安全(应用技术类,与中山火炬职业技术学院协同培养)",历,496.0,494,43813.0,221,,,20.0,“4+0”试点专业实验班
2023,10578,韩山师范学院,185,"网络与新媒体(应用技术类,与广东科学技术职业学院协同培养)",历,505.0,496,42680.0,223,,,25.0,“4+0”试点专业实验班
2023,10578,韩山师范学院,186,"秘书学(应用技术类,与广东女子职业技术学院协同培养)",历,499.0,494,43669.0,224,,,20.0,“2+2”试点专业实验班
2023,10578,韩山师范学院,187,学前教育(中外合作办学)(师范),历,491.0,481,52531.0,225,,,40.0,普师
2023,10582,嘉应学院,103,汉语言文学(师范),历,540.0,510,33947.0,213,,,174.0,普师
2023,10582,嘉应学院,111,历史学(师范),历,529.0,507,35504.0,213,,,58.0,普师
2023,10582,嘉应学院,107,法学,历,522.0,506,36277.0,213,,,73.0,
2023,10582,嘉应学院,120,小学教育(师范),历,525.0,505,36348.0,213,,,47.0,普师
2023,10582,嘉应学院,105,英语(师范),历,520.0,504,37428.0,213,,,107.0,普师
2023,10582,嘉应学院,115,财务管理,历,508.0,502,38332.0,213,,,28.0,
2023,10582,嘉应学院,114,旅游管理,历,504.0,501,39152.0,213,,,24.0,
2023,10582,嘉应学院,119,资产评估,历,504.0,501,39300.0,213,,,15.0,
2023,10582,嘉应学院,116,工商管理,历,504.0,500,39419.0,213,,,28.0,
2023,10582,嘉应学院,106,日语,历,507.0,500,39437.0,213,,,28.0,
2023,10582,嘉应学院,109,社会工作,历,508.0,500,39552.0,213,,,33.0,
2023,10582,嘉应学院,108,公共事业管理,历,506.0,500,39641.0,213,,,30.0,
2023,10582,嘉应学院,104,新闻学,历,509.0,500,39851.0,213,,,83.0,
2023,10582,嘉应学院,117,国际经济与贸易,历,509.0,500,39860.0,213,,,28.0,
2023,10582,嘉应学院,118,市场营销,历,505.0,500,39868.0,213,,,20.0,
2023,10582,嘉应学院,121,心理学(师范),历,508.0,498,41041.0,214,,,22.0,普师
2023,10582,嘉应学院,122,学前教育(师范),历,500.0,497,41696.0,214,,,26.0,普师
2023,10582,嘉应学院,123,护理学,历,525.0,496,42394.0,214,,,175.0,
2023,10582,嘉应学院,110,思想政治教育(师范),历+政,515.0,505,36432.0,215,,,57.0,普师
2023,10582,嘉应学院,113,地理信息科学,历+化/地,514.0,498,41376.0,216,,,49.0,
2023,10582,嘉应学院,112,地理科学(师范),历+化/地,525.0,500,39666.0,217,,,65.0,普师
2023,11517,河南工程学院,2,翻译,历,494.0,491,45777.0,201,,,2.0,
2023,11517,河南工程学院,3,审计学,历,497.0,495,43055.0,202,,,2.0,
2023,11517,河南工程学院,1,国际经济与贸易,历,495.0,495,43055.0,202,,,3.0,
2023,14278,广东第二师范学院,38,历史学(师范),历,550.0,534,21401.0,219,,,100.0,普师
2023,14278,广东第二师范学院,41,汉语言文学(师范),历,566.0,539,19604.0,220,,,257.0,普师
2023,14278,广东第二师范学院,42,汉语国际教育(师范),历,549.0,532,22350.0,221,,,47.0,普师
2023,14278,广东第二师范学院,39,行政管理,历,536.0,506,35862.0,222,,,35.0,
2023,14278,广东第二师范学院,40,社会工作,历,532.0,503,38105.0,222,,,35.0,
2023,14278,广东第二师范学院,47,旅游管理与服务教育,历,520.0,492,45077.0,222,,,25.0,
2023,14278,广东第二师范学院,48,酒店管理,历,505.0,492,45138.0,222,,,25.0,
2023,14278,广东第二师范学院,46,金融数学,历,537.0,521,27428.0,223,,,10.0,
2023,14278,广东第二师范学院,49,电子商务,历,536.0,513,31920.0,223,,,23.0,
2023,14278,广东第二师范学院,43,英语(师范),历,556.0,536,20813.0,224,,,57.0,普师
2023,14278,广东第二师范学院,44,翻译,历,537.0,522,27414.0,225,,,31.0,
2023,14278,广东第二师范学院,45,商务英语,历,535.0,521,27922.0,225,,,30.0,
2023,14278,广东第二师范学院,34,应用心理学(师范),历,541.0,532,22622.0,226,,,25.0,普师
2023,14278,广东第二师范学院,35,学前教育(师范),历,546.0,517,29965.0,227,,,72.0,普师
2023,14278,广东第二师范学院,36,特殊教育(师范),历,532.0,523,26785.0,228,,,15.0,普师
2023,14278,广东第二师范学院,37,思想政治教育(师范),历+政,559.0,536,20683.0,229,,,94.0,普师
2023,14278,广东第二师范学院,50,英语(师范)(中外人才培养实验班),历,537.0,520,28320.0,241,,,15.0,普师
2023,14278,广东第二师范学院,51,翻译(中外人才培养实验班),历,519.0,495,43352.0,242,,,14.0,
2023,14278,广东第二师范学院,52,商务英语(中外人才培养实验班),历,522.0,493,44506.0,242,,,14.0,
2023,14278,广东第二师范学院,53,"电子商务(应用技术类,与广东工贸职业技术学院协同培养)",历,506.0,495,43059.0,244,,,15.0,
2023,11336,荆楚理工学院,1,外国语言文学类,历,494.0,494,44035.0,201,,,3.0,商务英语、英语(师范)
2023,10240,哈尔滨商业大学,4,法学,历,,501,39084.0,201,,,5.0,
2023,10240,哈尔滨商业大学,1,会展经济与管理,历,,496,42392.0,201,,,2.0,
2023,10240,哈尔滨商业大学,2,旅游管理,历,,496,42392.0,201,,,2.0,
2023,10240,哈尔滨商业大学,6,工商管理类(会计学院),历,,495,43055.0,201,,,3.0,会计学、财务管理、审计学
2023,10240,哈尔滨商业大学,5,新闻学,历,,493,44382.0,201,,,6.0,
2023,10240,哈尔滨商业大学,3,酒店管理,历,,490,46468.0,201,,,4.0,
2023,13744,黑河学院,2,英语(师范),历,491.0,490,46468.0,201,,,2.0,普师
2023,13744,黑河学院,6,汉语言文学(师范),历,498.0,497,41720.0,202,,,3.0,普师
2023,13744,黑河学院,1,俄语(师范),历,494.0,494,43705.0,202,,,1.0,普师
2023,13744,黑河学院,3,历史学(师范),历,496.0,493,44382.0,202,,,3.0,普师
2023,13744,黑河学院,4,学前教育(师范),历,494.0,493,44382.0,202,,,2.0,普师
2023,13744,黑河学院,5,小学教育(师范),历,496.0,492,45076.0,202,,,2.0,普师
2023,13684,珠海科技学院,102,汉语言文学,历,517.0,495,42967.0,207,,,123.0,
2023,13684,珠海科技学院,104,汉语国际教育,历,502.0,492,45032.0,207,,,38.0,
2023,13684,珠海科技学院,101,学前教育(师范),历,496.0,492,45069.0,207,,,22.0,普师
2023,13684,珠海科技学院,103,广告学,历,517.0,491,45465.0,207,,,80.0,
2023,13684,珠海科技学院,124,英语,历,526.0,491,45838.0,207,,,70.0,
2023,13684,珠海科技学院,128,食品质量与安全,历,504.0,491,45868.0,207,,,20.0,
2023,13684,珠海科技学院,112,会计学,历,503.0,491,45904.0,207,,,184.0,
2023,13684,珠海科技学院,127,商务英语,历,503.0,491,45954.0,207,,,20.0,
2023,13684,珠海科技学院,305,英语(国际班),历,497.0,490,46778.0,207,,,5.0,
2023,13684,珠海科技学院,113,财务管理,历,500.0,489,47056.0,207,,,44.0,
2023,13684,珠海科技学院,107,社会工作,历,508.0,489,47262.0,207,,,45.0,
2023,13684,珠海科技学院,111,人力资源管理,历,497.0,489,47344.0,207,,,38.0,
2023,13684,珠海科技学院,304,金融学(国际班),历,493.0,488,48135.0,207,,,5.0,
2023,13684,珠海科技学院,302,会计学(国际班),历,492.0,487,48681.0,207,,,5.0,
2023,13684,珠海科技学院,125,日语,历,496.0,487,48683.0,207,,,46.0,
2023,13684,珠海科技学院,109,工商管理,历,502.0,487,48707.0,207,,,37.0,
2023,13684,珠海科技学院,301,工商管理(国际班),历,493.0,487,48805.0,207,,,5.0,
2023,13684,珠海科技学院,129,建筑学(5年),历,497.0,486,49149.0,207,,,16.0,
2023,13684,珠海科技学院,303,国际经济与贸易(国际班),历,493.0,486,49340.0,207,,,5.0,
2023,13684,珠海科技学院,130,城乡规划(5年),历,503.0,486,49350.0,207,,,12.0,
2023,13684,珠海科技学院,108,健康服务与管理,历,512.0,486,49600.0,207,,,34.0,
2023,13684,珠海科技学院,117,金融工程,历,496.0,485,49631.0,207,,,16.0,
2023,13684,珠海科技学院,120,物流工程,历,506.0,485,49716.0,207,,,16.0,
2023,13684,珠海科技学院,110,市场营销,历,494.0,485,49769.0,207,,,44.0,
2023,13684,珠海科技学院,126,朝鲜语,历,493.0,485,49838.0,207,,,48.0,
2023,13684,珠海科技学院,118,物流管理,历,494.0,485,49846.0,207,,,48.0,
2023,13684,珠海科技学院,122,酒店管理,历,494.0,485,49848.0,207,,,50.0,
2023,13684,珠海科技学院,114,国际经济与贸易,历,517.0,485,49856.0,207,,,98.0,
2023,13684,珠海科技学院,115,金融学,历,503.0,485,49886.0,207,,,169.0,
2023,13684,珠海科技学院,121,旅游管理,历,495.0,485,49887.0,207,,,70.0,
2023,13684,珠海科技学院,106,劳动与社会保障,历,493.0,485,49893.0,207,,,43.0,
2023,13684,珠海科技学院,116,投资学,历,493.0,485,49904.0,207,,,16.0,
2023,13684,珠海科技学院,119,电子商务,历,524.0,485,49919.0,207,,,84.0,
2023,13684,珠海科技学院,123,会展经济与管理,历,497.0,485,49935.0,207,,,50.0,
2023,13684,珠海科技学院,105,行政管理,历,495.0,485,49936.0,207,,,80.0,
2023,12618,广州软件学院,44,会计学,历,489.0,471,60898.0,202,,,44.0,
2023,12618,广州软件学院,33,网络与新媒体,历,496.0,471,60968.0,202,,,67.0,
2023,12618,广州软件学院,43,财务管理,历,480.0,466,64901.0,202,,,22.0,
2023,12618,广州软件学院,42,国际经济与贸易,历,481.0,466,64935.0,202,,,23.0,
2023,12618,广州软件学院,38,市场营销,历,477.0,466,65002.0,202,,,15.0,
2023,12618,广州软件学院,40,人力资源管理,历,477.0,465,65454.0,202,,,25.0,
2023,12618,广州软件学院,36,物流管理,历,476.0,465,65671.0,202,,,26.0,
2023,12618,广州软件学院,35,行政管理,历,476.0,465,65738.0,202,,,18.0,
2023,12618,广州软件学院,37,工商管理,历,476.0,465,65750.0,202,,,15.0,
2023,12618,广州软件学院,47,日语,历,472.0,465,65756.0,202,,,25.0,
2023,12618,广州软件学院,34,风景园林,历,475.0,465,65759.0,202,,,20.0,
2023,12618,广州软件学院,41,电子商务,历,474.0,465,65825.0,202,,,35.0,
2023,12618,广州软件学院,46,英语,历,477.0,465,65826.0,202,,,77.0,
2023,12618,广州软件学院,45,会计学,历,477.0,457,72391.0,207,,,10.0,国际班
2023,12618,广州软件学院,39,市场营销,历,460.0,452,77869.0,207,,,10.0,国际班
2023,10353,浙江工商大学,19,外国语言文学类,历,565.0,565,10445.0,201,,,1.0,英语、商务英语
2023,10353,浙江工商大学,15,法语,历,558.0,558,12516.0,202,,,1.0,
2023,10353,浙江工商大学,13,法学类,历,576.0,576,7615.0,203,,,1.0,法学、知识产权
2023,10353,浙江工商大学,11,哲学,历,578.0,574,8097.0,203,,,2.0,
2023,10353,浙江工商大学,14,社会工作,历,570.0,570,9088.0,203,,,1.0,
2023,10353,浙江工商大学,12,经济学类,历,564.0,558,12516.0,203,,,3.0,数字经济、经济学、国际经济与贸易
2023,10353,浙江工商大学,16,新闻传播学类,历,570.0,554,13771.0,203,,,2.0,广告学、新闻学、网络与新媒体
2023,10353,浙江工商大学,18,旅游管理类,历,558.0,548,15907.0,203,,,4.0,旅游管理、酒店管理
2023,10353,浙江工商大学,17,公共管理类,历,551.0,549,15543.0,207,,,2.0,慈善管理、行政管理、土地资源管理、文化产业管理
2023,10822,广东白云学院,47,汉语言文学,历,497.0,473,59537.0,211,,,300.0,
2023,10822,广东白云学院,49,应用心理学,历,490.0,471,61031.0,211,,,50.0,
2023,10822,广东白云学院,48,小学教育(师范),历,494.0,471,61044.0,211,,,117.0,普师
2023,10822,广东白云学院,46,学前教育(师范),历,488.0,471,61052.0,211,,,77.0,普师
2023,10822,广东白云学院,52,城乡规划(5年),历,479.0,458,71656.0,212,,,22.0,
2023,10822,广东白云学院,51,风景园林,历,494.0,458,71737.0,212,,,49.0,
2023,10822,广东白云学院,50,建筑学(5年),历,481.0,458,71891.0,212,,,47.0,
2023,10822,广东白云学院,53,英语,历,489.0,458,71813.0,213,,,150.0,
2023,10822,广东白云学院,56,商务英语,历,478.0,457,73160.0,213,,,70.0,
2023,10822,广东白云学院,54,德语,历,477.0,457,73201.0,213,,,23.0,
2023,10822,广东白云学院,55,日语,历,479.0,457,73203.0,213,,,54.0,
2023,10822,广东白云学院,60,社会工作,历,480.0,463,67612.0,221,,,30.0,
2023,10822,广东白云学院,67,会计学,历,492.0,462,68122.0,221,,,200.0,
2023,10822,广东白云学院,63,国际经济与贸易,历,484.0,460,70023.0,221,,,40.0,
2023,10822,广东白云学院,58,跨境电子商务,历,479.0,459,70880.0,221,,,40.0,
2023,10822,广东白云学院,69,审计学,历,481.0,459,70886.0,221,,,70.0,
2023,10822,广东白云学院,59,市场营销,历,470.0,459,70936.0,221,,,30.0,
2023,10822,广东白云学院,66,经济统计学,历,472.0,459,70958.0,221,,,20.0,
2023,10822,广东白云学院,57,工商管理,历,480.0,459,70965.0,221,,,40.0,
2023,10822,广东白云学院,65,金融学,历,488.0,459,70991.0,221,,,41.0,
2023,10822,广东白云学院,62,人力资源管理,历,477.0,459,71024.0,221,,,60.0,
2023,10822,广东白云学院,61,物流管理,历,491.0,459,71081.0,221,,,30.0,
2023,10822,广东白云学院,64,数字经济,历,489.0,459,71112.0,221,,,78.0,
2023,10822,广东白云学院,68,财务管理,历,484.0,459,71124.0,221,,,50.0,
2023,10822,广东白云学院,70,工商管理,历,470.0,439,90153.0,222,,,36.0,与英国密德萨斯大学学分互认
